Opis,Kategoria
Zniszczenie poidełka dla ptaków w parku,Wandalizm
Awaria wodociągowa ulica jest całkowicie zalana wodą,Pozostałe (inne)
Zbyt krótki cykl zielonego światła dla pieszych,Zagrożenia dla pieszych i uczestników ruchu
Potrącenie pieszego na pasach przy Rondzie Mogilskim,Wypadki drogowe
Niedziałająca od dłuższego czasu sygnalizacja świetlna,Infrastruktura drogowa i chodniki
Wypadek z udziałem hulajnogi elektrycznej,Wypadki drogowe
Piesi wchodzący na ścieżkę rowerową i blokujący przejazd,Zachowania uczestników ruchu (kierowcy i piesi)
Niedziałający system monitoringu na niebezpiecznym skrzyżowaniu,Infrastruktura drogowa i chodniki
Uszkodzony próg zwalniający jest niebezpieczny,Infrastruktura drogowa i chodniki
Niewłaściwe umiejscowienie znaków drogowych,Zagrożenia dla pieszych i uczestników ruchu
Nieszczelne okna w wieżowcu grożące wypadnięciem,Niebezpieczne sytuacje
Zablokowany odpływ studzienki deszczowej tworzy ogromną kałużę,Pozostałe (inne)
Prośba o zorganizowanie spotkania w sprawie bezpieczeństwa na osiedlu,Pozostałe (inne)
Brak oświetlenia na przejściu dla pieszych,Infrastruktura drogowa i chodniki
Potrącenie pieszego który wtargnął na czerwonym świetle,Wypadki drogowe
Karambol z udziałem kilku samochodów na autostradzie,Wypadki drogowe
Skażenie gleby nieznaną substancją,Zagrożenia biologiczne
Zniszczona wiata przystankowa której dach przecieka,Infrastruktura drogowa i chodniki
Wyjazd ze stacji benzynowej bezpośrednio na pas szybkiego ruchu,Zagrożenia dla pieszych i uczestników ruchu
Zapadnięta studzienka kanalizacyjna na drodze rowerowej,Zagrożenia dla pieszych i uczestników ruchu
Dzik regularnie pojawia się w pobliżu placu zabaw,Zagrożenia biologiczne
Luźno biegający pies wbiegający na jezdnię,Zagrożenia dla pieszych i uczestników ruchu
Niezabezpieczone kontenery na śmieci z których wiatr rozwiewa odpady,Zaśmiecanie i nielegalne wysypiska
Gwałtowne hamowanie bez przyczyny,Zachowania uczestników ruchu (kierowcy i piesi)
Prowadzenie pojazdu będąc wyraźnie zmęczonym lub sennym,Zachowania uczestników ruchu (kierowcy i piesi)
Parkowanie blokujące dostęp do hydrantu przeciwpożarowego,Zachowania uczestników ruchu (kierowcy i piesi)
Wyrywanie kostki brukowej z chodnika,Wandalizm
Prośba o odmalowanie ławek i urządzeń na placu zabaw,Pozostałe (inne)
Brak zatoczki autobusowej autobus zatrzymuje się na pasie ruchu,Infrastruktura drogowa i chodniki
Dzikie wysypisko zużytych strzykawek i igieł,Zagrożenia biologiczne
Zanieczyszczenie wody w stawie i śnięte ryby pływające po powierzchni,Zagrożenia biologiczne
Brakująca kratka ściekowa powoduje zalewanie piwnic podczas deszczu,Infrastruktura drogowa i chodniki
Plaga komarów z powodu zaniedbanych zbiorników wodnych,Pozostałe (inne)
Brak przejścia dla pieszych w okolicy nowego dużego osiedla,Zagrożenia dla pieszych i uczestników ruchu
Karaluchy w bloku mieszkalnym,Zagrożenia biologiczne
Spadające sople lodu z dachu wysokiego budynku,Niebezpieczne sytuacje
Nieuzasadnione używanie sygnałów dźwiękowych,Zachowania uczestników ruchu (kierowcy i piesi)
Pozostawiony bez opieki bagaż na dworcu kolejowym,Niebezpieczne sytuacje
Drzewo z wyraźnie nadłamanym konarem nad ruchliwym chodnikiem,Niebezpieczne sytuacje
Uszkodzone urządzenia na placu zabaw,Wandalizm
Nieuprzątnięte odchody zwierzęce na placu zabaw,Zagrożenia biologiczne
Przeciek gazu w piwnicy budynku mieszkalnego,Niebezpieczne sytuacje
Zarośnięte lub brudne znaki drogowe,Zagrożenia dla pieszych i uczestników ruchu
Wykrycie bakterii E-coli w wodzie z wodociągu,Zagrożenia biologiczne
Brak azylu dla pieszych na długim przejściu,Zagrożenia dla pieszych i uczestników ruchu
Prośba o montaż lustra drogowego na wyjeździe z posesji,Pozostałe (inne)
Zniszczona ławka w Parku Jordana,Wandalizm
Wyciek oleju transformatorowego ze stacji,Zagrożenia biologiczne
Karambol na autostradzie z powodu gęstej mgły,Wypadki drogowe
Wysypywanie popiołu z pieca na trawnik,Zaśmiecanie i nielegalne wysypiska
Ścieżka rowerowa krzyżująca się z drogą w niebezpiecznym miejscu,Zagrożenia dla pieszych i uczestników ruchu
Zdewastowanie budki lęgowej dla ptaków,Wandalizm
Pojazd ciężarowy który wjechał w budynek,Wypadki drogowe
Niezabezpieczone chemikalia rolnicze,Zagrożenia biologiczne
Niezabezpieczony plac budowy na który wchodzą postronne osoby,Niebezpieczne sytuacje
Zanieczyszczona woda pitna z nieznanego źródła,Zagrożenia biologiczne
Uszkodzenie domofonu przy wejściu do bloku,Wandalizm
"Zasłonięty przez gałęzie znak ""ustąp pierwszeństwa""",Zagrożenia dla pieszych i uczestników ruchu
Wyprzedzanie na przejściu dla pieszych,Zachowania uczestników ruchu (kierowcy i piesi)
Nachylony słup energetyczny grożący przewróceniem,Niebezpieczne sytuacje
Przejazd na czerwonym świetle,Zachowania uczestników ruchu (kierowcy i piesi)
Tymczasowa organizacja ruchu która stała się permanentna i jest niebezpieczna,Zagrożenia dla pieszych i uczestników ruchu
Zapadnięta droga po budowie kanalizacji,Infrastruktura drogowa i chodniki
Pozostawione włączone żelazko w pustym mieszkaniu,Niebezpieczne sytuacje
Wylęgarnia insektów w stojącej wodzie w starej oponie,Zagrożenia biologiczne
Grupa osób przebywająca w budynku grożącym zawaleniem,Niebezpieczne sytuacje
Przewrócone ogrodzenie budowy a wejście na plac jest otwarte,Niebezpieczne sytuacje
Duża ilość ulotek zaśmiecająca klatkę schodową i teren przed blokiem,Zaśmiecanie i nielegalne wysypiska
Iskrząca skrzynka elektryczna na ścianie budynku,Niebezpieczne sytuacje
Pomazane farbą ławki w parku uniemożliwiające siedzenie,Wandalizm
Wąski chodnik na którym nie mogą się minąć dwie osoby z wózkami,Zagrożenia dla pieszych i uczestników ruchu
Brak toalet publicznych w centrum miasta,Pozostałe (inne)
Pełno butelek i puszek po alkoholu na trawniku w parku,Zaśmiecanie i nielegalne wysypiska
Pozostawione odpady po remoncie mieszkania w altanie śmietnikowej,Zaśmiecanie i nielegalne wysypiska
Celowe zaśmiecanie koryta małej rzeki w mieście,Zaśmiecanie i nielegalne wysypiska
Pieszy na przejściu zmuszający do nagłego hamowania,Zachowania uczestników ruchu (kierowcy i piesi)
Rodzice parkujący na chwilę na przystanku autobusowym pod szkołą,Zachowania uczestników ruchu (kierowcy i piesi)
Pojawienie się pleśni i grzyba na ścianie w budynku publicznym,Zagrożenia biologiczne
Zdewastowane pomniki lub miejsca pamięci,Wandalizm
Zbyt wąski chodnik przy ruchliwej drodze,Infrastruktura drogowa i chodniki
Sugestia dotycząca nowej lokalizacji paczkomatu,Pozostałe (inne)
Wyłamane barierki ochronne przy schodach,Wandalizm
Śmieci wysypujące się z przeładowanej ciężarówki podczas jazdy,Zaśmiecanie i nielegalne wysypiska
Niebezpieczne manewry na hulajnodze elektrycznej,Niebezpieczne sytuacje
Odpady z myjni samochodowej spuszczane do rowu,Zaśmiecanie i nielegalne wysypiska
Zatrzymywanie pojazdu w miejscu zabronionym np na moście,Zachowania uczestników ruchu (kierowcy i piesi)
Potrzebna jest dodatkowa ławka w parku,Pozostałe (inne)
Kolizja spowodowana przez kierowcę który zasłabł za kierownicą,Wypadki drogowe
Brak zadaszenia nad stojakami rowerowymi,Pozostałe (inne)
Prowadzenie głośnych rozmów telefonicznych w autobusie,Zachowania uczestników ruchu (kierowcy i piesi)
Utrata ładunku przez pojazd ciężarowy,Wypadki drogowe
Wielkogabarytowe śmieci stojące przy śmietniku od miesiąca,Zaśmiecanie i nielegalne wysypiska
Uszkodzone bariery dźwiękochłonne przy drodze szybkiego ruchu,Infrastruktura drogowa i chodniki
Samochód który wjechał w przystanek autobusowy,Wypadki drogowe
Celowe ochlapywanie pieszych przez wjeżdżanie w kałuże,Zachowania uczestników ruchu (kierowcy i piesi)
Używanie świateł przeciwmgielnych gdy nie ma mgły,Zachowania uczestników ruchu (kierowcy i piesi)
Używanie klaksonu w terenie zabudowanym bez powodu,Zachowania uczestników ruchu (kierowcy i piesi)
Wniosek o zmianę lokalizacji przystanku autobusowego,Pozostałe (inne)
Uszkodzone ładowarki dla pojazdów elektrycznych,Wandalizm
Zbyt blisko jezdni umiejscowiony przystanek autobusowy bez zatoki,Zagrożenia dla pieszych i uczestników ruchu
Brak oświetlenia w tunelu dla pieszych,Zagrożenia dla pieszych i uczestników ruchu
Puste butelki i puszki w piaskownicy,Zaśmiecanie i nielegalne wysypiska
Zaśmiecanie plaży miejskiej,Zaśmiecanie i nielegalne wysypiska
Rowerzysta słuchający głośnej muzyki w słuchawkach,Zachowania uczestników ruchu (kierowcy i piesi)
Prośba o spowolnienie ruchu na ulicy osiedlowej,Pozostałe (inne)
Brak miejsc do rekreacji dla młodzieży,Pozostałe (inne)
Źle wyprofilowany podjazd dla niepełnosprawnych,Infrastruktura drogowa i chodniki
Zaśmiecony przystanek autobusowy pełen niedopałków i biletów,Zaśmiecanie i nielegalne wysypiska
Niebezpieczna lokalizacja przystanku tramwajowego,Zagrożenia dla pieszych i uczestników ruchu
Niewystarczająca liczba stojaków na rowery w centrum,Zagrożenia dla pieszych i uczestników ruchu
Koniec ścieżki rowerowej urywa się nagle przed ruchliwym skrzyżowaniem,Zagrożenia dla pieszych i uczestników ruchu
Uciążliwy hałas z agregatu prądotwórczego,Pozostałe (inne)
Parkowanie w sposób blokujący dostęp do hydrantu,Zachowania uczestników ruchu (kierowcy i piesi)
Nielegalne wysypisko w parku narodowym,Zaśmiecanie i nielegalne wysypiska
Niewłaściwie zaparkowany samochód zasłaniający przejście dla pieszych,Zagrożenia dla pieszych i uczestników ruchu
Wypadek z udziałem pojazdu uprzywilejowanego karetki,Wypadki drogowe
Wysepka tramwajowa bez barierek ochronnych,Zagrożenia dla pieszych i uczestników ruchu
Niestabilny chyboczący się maszt flagowy,Niebezpieczne sytuacje
Zbyt mała liczba miejsc parkingowych w rejonie,Infrastruktura drogowa i chodniki
Dzieci wchodzące na dach niskiego budynku handlowego,Niebezpieczne sytuacje
Dzieci rzucające kamieniami w przejeżdżające pociągi,Niebezpieczne sytuacje
Porzucone elektrośmieci jak stare telewizory i lodówki,Zaśmiecanie i nielegalne wysypiska
Nagłe otwieranie drzwi samochodu bez patrzenia w lusterko,Zachowania uczestników ruchu (kierowcy i piesi)
Uszkodzona huśtawka na placu zabaw z pękniętym łańcuchem,Niebezpieczne sytuacje
Pozostawianie opakowań po jedzeniu na ławkach i murkach,Zaśmiecanie i nielegalne wysypiska
Samochód uderzył w barierę na płatnej autostradzie,Wypadki drogowe
Zderzenie tramwaju z samochodem osobowym,Wypadki drogowe
Wypaczona od gorąca nawierzchnia asfaltowa tworzy wybrzuszenia,Infrastruktura drogowa i chodniki
Gniazdo szerszeni w skrzynce na listy,Zagrożenia biologiczne
Wyjący alarm samochodowy przez całą noc,Pozostałe (inne)
Jazda na hulajnodze elektrycznej w dwie osoby,Zachowania uczestników ruchu (kierowcy i piesi)
Niekontrolowane wypalanie traw na łące,Niebezpieczne sytuacje
Zapadnięta studzienka kanalizacyjna na ulicy Królewskiej stwarza zagrożenie,Infrastruktura drogowa i chodniki
Zniszczenie oświetlenia świątecznego miasta,Wandalizm
Potrącenie osoby starszej na pasach,Wypadki drogowe
Wąska droga bez pobocza używana przez pieszych,Zagrożenia dla pieszych i uczestników ruchu
Brak piasku w piaskownicy na placu zabaw,Pozostałe (inne)
Wyrwane przewody z publicznej stacji ładowania telefonów,Wandalizm
Organizowanie kuligu za samochodem na drodze publicznej,Niebezpieczne sytuacje
Zniszczenie systemu nawadniania trawnika miejskiego,Wandalizm
Niebezpieczny zjazd z autostrady,Zagrożenia dla pieszych i uczestników ruchu
Jazda na zderzaku i zajeżdżanie drogi,Zachowania uczestników ruchu (kierowcy i piesi)
Niewielkie ale liczne śmieci porozrzucane na plaży,Zaśmiecanie i nielegalne wysypiska
Prośba o wyznaczenie nowego przejścia dla pieszych,Pozostałe (inne)
Oślepianie innych kierowców przez źle ustawione światła,Zachowania uczestników ruchu (kierowcy i piesi)
Zniszczona skrzynka na listy,Wandalizm
Kolizja kilku pojazdów na śliskiej nawierzchni,Wypadki drogowe
Nielegalny zrzut ścieków do rzeki,Zagrożenia biologiczne
Pogięta tablica z nazwą miejscowości,Wandalizm
Brak koszy na śmieci na popularnym szlaku spacerowym,Zaśmiecanie i nielegalne wysypiska
Niewłaściwie ustawione znaki drogowe wprowadzające w błąd,Zagrożenia dla pieszych i uczestników ruchu
Brak rampy dla wózków przy wysokim krawężniku,Infrastruktura drogowa i chodniki
Brak lustra drogowego na skrzyżowaniu z ograniczoną widocznością,Zagrożenia dla pieszych i uczestników ruchu
Zniszczenie rzeźby lub instalacji artystycznej w przestrzeni miejskiej,Wandalizm
Wypadek spowodowany pęknięciem opony,Wypadki drogowe
Kilka porzuconych opon przy drodze w kierunku Tyńca,Zaśmiecanie i nielegalne wysypiska
Wypadek na przejeździe kolejowo-drogowym,Wypadki drogowe
Potrącenie osoby na hulajnodze przez cofający samochód,Wypadki drogowe
Częste przerwy w dostawie energii elektrycznej,Pozostałe (inne)
Niebezpieczne przejście dla pieszych bez sygnalizacji świetlnej na drodze z 3 pasami,Zagrożenia dla pieszych i uczestników ruchu
Brak oświetlenia na kładce dla pieszych nad autostradą,Zagrożenia dla pieszych i uczestników ruchu
Nagminne wyrzucanie butelek do pobliskiego stawu,Zaśmiecanie i nielegalne wysypiska
Brak miejsc parkingowych na nowym osiedlu,Pozostałe (inne)
Brak oświetlenia pod wiaduktem kolejowym,Infrastruktura drogowa i chodniki
Brak bezpiecznego dojścia do przystanku tramwajowego,Zagrożenia dla pieszych i uczestników ruchu
Obecność pluskiew w mieszkaniu,Zagrożenia biologiczne
Brak poręczy przy schodach w miejscu publicznym,Infrastruktura drogowa i chodniki
Samochód potrącił sarnę na wylocie z miasta,Wypadki drogowe
Blokowanie skrzyżowania przez wjeżdżanie bez możliwości zjazdu,Zachowania uczestników ruchu (kierowcy i piesi)
Autobus wpadł do rowu z powodu gołoledzi,Wypadki drogowe
Przeciek gazu w piwnicy budynku mieszkalnego,Niebezpieczne sytuacje
Prośba o częstsze patrole policji lub straży miejskiej w okolicy,Pozostałe (inne)
Gołębie gnieżdżące się na balkonie i zanieczyszczające go,Pozostałe (inne)
Rozbite butelki na ścieżce rowerowej,Wandalizm
Brak barierki oddzielającej chodnik od stromego zbocza,Zagrożenia dla pieszych i uczestników ruchu
Zaśmiecanie plaży podczas imprez plenerowych,Zaśmiecanie i nielegalne wysypiska
Nierówny chodnik na ulicy Starowiślnej na którym łatwo się potknąć,Infrastruktura drogowa i chodniki
Pęknięte i niestabilne płyty chodnikowe,Infrastruktura drogowa i chodniki
Zardzewiała i chwiejna drabina przeciwpożarowa,Niebezpieczne sytuacje
Samochód który wypadł z drogi i dachował,Wypadki drogowe
Używane igły i strzykawki porzucone na trawniku,Zagrożenia biologiczne
Zdrapana farba z rzeźby plenerowej,Wandalizm
Brak bezpiecznego dojścia do szkoły,Zagrożenia dla pieszych i uczestników ruchu
Zawracanie w miejscu niedozwolonym np w tunelu,Zachowania uczestników ruchu (kierowcy i piesi)
Przepełnione pojemniki na odzież używaną,Zaśmiecanie i nielegalne wysypiska
Obecność pasożytów w piaskownicy na placu zabaw,Zagrożenia biologiczne
Samochód uderzył w budynek mieszkalny,Wypadki drogowe
Problem z mrówkami w budynku wielorodzinnym,Pozostałe (inne)
Zastawianie przejazdu tramwajowego przez zaparkowany samochód,Zachowania uczestników ruchu (kierowcy i piesi)
Nieutylizowane padłe zwierzęta gospodarskie,Zagrożenia biologiczne
Uciążliwy hałas spowodowany pracami budowlanymi w nocy,Pozostałe (inne)
Otwarty właz do piwnicy na środku chodnika,Niebezpieczne sytuacje
Samochód wpadł w poślizg i zablokował dwa pasy ruchu,Wypadki drogowe
Nagły pomór ryb w jeziorze z nieznanych przyczyn,Zagrożenia biologiczne
Stłuczka z udziałem pojazdu nauki jazdy,Wypadki drogowe
Piesi muszą przechodzić przez parking aby dojść do sklepu,Zagrożenia dla pieszych i uczestników ruchu
Niestabilny mur oporowy grożący zawaleniem,Niebezpieczne sytuacje
Wycięcie dziury w siatce ogrodzeniowej,Wandalizm
Niedziałające ogrzewanie w okresie zimowym,Pozostałe (inne)
Zniszczona nawierzchnia z żywicy na placu zabaw,Infrastruktura drogowa i chodniki
Brak ławek na długim odcinku trasy spacerowej,Infrastruktura drogowa i chodniki
Uderzenie w barierki energochłonne na autostradzie,Wypadki drogowe
Duże gniazdo szerszeni na poddaszu budynku mieszkalnego,Zagrożenia biologiczne
Odpady z produkcji rolnej (np. folia) pozostawione na polu,Zaśmiecanie i nielegalne wysypiska
Zgłoszenie dotyczące osoby bezdomnej potrzebującej pomocy,Pozostałe (inne)
Ulatniający się gaz z nieszczelnej butli turystycznej na kempingu,Niebezpieczne sytuacje
Podejrzenie skażenia wody pitnej w studni,Zagrożenia biologiczne
Wózek dziecięcy pozostawiony na środku chodnika,Zagrożenia dla pieszych i uczestników ruchu
Zablokowane wyjście ewakuacyjne w budynku publicznym,Niebezpieczne sytuacje
Gniazdo os w skrzynce na listy,Zagrożenia biologiczne
Pieluchy jednorazowe wyrzucone w lesie,Zaśmiecanie i nielegalne wysypiska
Wylewanie nieczystości płynnych na pole,Zaśmiecanie i nielegalne wysypiska
Przebieganie przez ulicę tuż przed maską autobusu,Zachowania uczestników ruchu (kierowcy i piesi)
Brak barierki zabezpieczającej przy stromym chodniku,Infrastruktura drogowa i chodniki
Kierowca nie używa kierunkowskazów przy zmianie pasa,Zachowania uczestników ruchu (kierowcy i piesi)
Potrzeba zorganizowania deratyzacji w piwnicach,Pozostałe (inne)
Kwitnienie sinic w jeziorze i zakaz kąpieli,Zagrożenia biologiczne
Stłuczka parkingowa a sprawca uciekł z miejsca zdarzenia,Wypadki drogowe
Gałęzie drzewa zasłaniają sygnalizację świetlną na skrzyżowaniu,Zagrożenia dla pieszych i uczestników ruchu
Eksplozja opony w samochodzie jadącym z dużą prędkością,Niebezpieczne sytuacje
"Ignorowanie znaku ""zakaz wjazdu""",Zachowania uczestników ruchu (kierowcy i piesi)
Jazda bez włączonych świateł mijania w dzień,Zachowania uczestników ruchu (kierowcy i piesi)
Zepsuta winda dla niepełnosprawnych na dworcu,Pozostałe (inne)
Pęknięta szyba w drzwiach wejściowych do wieżowca,Niebezpieczne sytuacje
Wyrzucanie resztek jedzenia przez okno,Zaśmiecanie i nielegalne wysypiska
Wjeżdżanie na skrzyżowanie bez możliwości jego opuszczenia,Zachowania uczestników ruchu (kierowcy i piesi)
Wyrzucanie elektrośmieci do kontenerów na odpady zmieszane,Zaśmiecanie i nielegalne wysypiska
Niewystarczająca liczba miejsc do siedzenia na przystankach,Infrastruktura drogowa i chodniki
Zniszczona tablica informacyjna z mapą miasta na dworcu,Wandalizm
Dziecko na rowerze wyjeżdżające z bramy bez rozglądania się,Zagrożenia dla pieszych i uczestników ruchu
Zniszczenie systemu monitoringu miejskiego,Wandalizm
Zaśmiecone i zaniedbane tereny kolejowe,Zaśmiecanie i nielegalne wysypiska
Plaga mrówek faraona w budynku,Zagrożenia biologiczne
Kierowca wyrzuca śmieci przez okno samochodu,Zachowania uczestników ruchu (kierowcy i piesi)
Prośba o zainstalowanie kamery monitoringu w niebezpiecznym miejscu,Pozostałe (inne)
Agresywny bezpański pies biegający po osiedlu Kurdwanów,Niebezpieczne sytuacje
Pieszy z słuchawkami na uszach wchodzi na jezdnię bez rozglądania się,Zachowania uczestników ruchu (kierowcy i piesi)
Iskrząca skrzynka elektryczna na ścianie budynku,Niebezpieczne sytuacje
Prośba o regularne sprzątanie klatki schodowej,Pozostałe (inne)
Zderzenie z powodu nieprawidłowego wyprzedzania,Wypadki drogowe
Kradzież wody z publicznego ujęcia,Wandalizm
Kurier na skuterze jeżdżący po chodniku z dużą prędkością,Zagrożenia dla pieszych i uczestników ruchu
Prośba o instalację dodatkowych koszy na śmieci,Pozostałe (inne)
Uszkodzony sprzęt na siłowni plenerowej grożący kontuzją,Niebezpieczne sytuacje
Nowe malunki sprayem na pomniku Adama Mickiewicza,Wandalizm
Blokowanie skrzyżowania poprzez wjazd bez możliwości zjazdu,Zachowania uczestników ruchu (kierowcy i piesi)
Kierowca nie zachowuje odstępu na drodze ekspresowej,Zachowania uczestników ruchu (kierowcy i piesi)
Odpady z warsztatu samochodowego w lesie,Zaśmiecanie i nielegalne wysypiska
Wysypywanie zawartości koszy samochodowych na postojach,Zaśmiecanie i nielegalne wysypiska
Porzucone odchody zwierzęce w piaskownicy,Zagrożenia biologiczne
Niezabezpieczony ładunek na dachu samochodu,Zagrożenia dla pieszych i uczestników ruchu
Uciążliwe szczekanie psa sąsiadów przez wiele godzin,Pozostałe (inne)
Samochód uderzył w latarnię na ulicy Opolskiej,Wypadki drogowe
Wybite szyby na przystanku autobusowym,Wandalizm
Popękane lustro drogowe ustawione na skrzyżowaniu,Infrastruktura drogowa i chodniki
Nierówności na przejeździe kolejowym,Infrastruktura drogowa i chodniki
Ktoś wygiął znak drogowy zakaz wjazdu,Wandalizm
Niedziałające oświetlenie awaryjne w przejściu podziemnym,Niebezpieczne sytuacje
Nierówna nawierzchnia drogi po pracach wodociągowych,Infrastruktura drogowa i chodniki
Zanieczyszczenie rzeki ściekami przemysłowymi,Zagrożenia biologiczne
Rozlana nieznana substancja chemiczna o drażniącym zapachu,Zagrożenia biologiczne
Wniosek o dodatkowe kursy autobusu w godzinach szczytu,Pozostałe (inne)
Prośba o organizację dnia sprzątania dzielnicy,Pozostałe (inne)
Prośba o ustawienie progu zwalniającego na naszej ulicy ze względu na dzieci,Pozostałe (inne)
Wypadek śmiertelny z udziałem motocyklisty,Wypadki drogowe
Nieprawidłowe przewożenie dziecka w samochodzie bez fotelika,Zachowania uczestników ruchu (kierowcy i piesi)
Rozsypany biały proszek nieznanego pochodzenia na przystanku,Zagrożenia biologiczne
Samochód który stoczył się ze wzniesienia i uderzył w inny pojazd,Wypadki drogowe
Zatarte linie wyznaczające pasy ruchu na rondzie,Zagrożenia dla pieszych i uczestników ruchu
Grupa osób spożywająca alkohol na placu zabaw i zaczepiająca rodziców z dziećmi,Niebezpieczne sytuacje
Zniszczenie elewacji przez odbijanie piłki,Wandalizm
Nieczytelne tablice z nazwami ulic,Infrastruktura drogowa i chodniki
Regularne przejeżdżanie na czerwonym świetle na skrzyżowaniu,Zachowania uczestników ruchu (kierowcy i piesi)
Źle wyprofilowany zakręt gdzie samochody często wpadają w poślizg,Infrastruktura drogowa i chodniki
Brak wody w kranach na całym osiedlu bez wcześniejszej informacji,Pozostałe (inne)
Spalanie śmieci w piecu domowym powoduje czarny dym i smród,Zaśmiecanie i nielegalne wysypiska
Wyprzedzanie na podwójnej ciągłej linii,Zachowania uczestników ruchu (kierowcy i piesi)
Wyłamane drzwi do publicznej toalety,Wandalizm
Nieszczelna instalacja gazowa w budynku wielorodzinnym,Niebezpieczne sytuacje
Zagrzybione ściany w mieszkaniu komunalnym,Zagrożenia biologiczne
Pozostawianie psich odchodów na chodnikach i trawnikach,Zaśmiecanie i nielegalne wysypiska
Nielegalne składowisko odpadów chemicznych,Zaśmiecanie i nielegalne wysypiska
Osuwający się nasyp ziemny przy drodze grozi zawaleniem,Infrastruktura drogowa i chodniki
Zarośnięte krzakami znaki drogowe są zupełnie niewidoczne,Zagrożenia dla pieszych i uczestników ruchu
Wystające korzenie drzew niszczące chodnik,Infrastruktura drogowa i chodniki
Wystające kable po usuniętym słupie oświetleniowym,Infrastruktura drogowa i chodniki
Skażenie bakteriologiczne wody w fontannie miejskiej,Zagrożenia biologiczne
Samochód dostawczy który zgubił ładunek na drodze,Wypadki drogowe
Bardzo śliska nawierzchnia ścieżki rowerowej z kostki po deszczu,Zagrożenia dla pieszych i uczestników ruchu
Zarośnięta i niewidoczna ścieżka rowerowa,Infrastruktura drogowa i chodniki
Wchodzenie na jezdnię zza stojącego pojazdu,Zachowania uczestników ruchu (kierowcy i piesi)
Przechodzenie przez tory kolejowe w niedozwolonym miejscu,Niebezpieczne sytuacje
Brak zasięgu telefonii komórkowej w ważnym punkcie,Pozostałe (inne)
Parkowanie w bramie blokując wyjazd mieszkańcom,Zachowania uczestników ruchu (kierowcy i piesi)
Trwale uszkodzona pętla indukcyjna przed sygnalizacją świetlną,Infrastruktura drogowa i chodniki
Brak wydzielonego pasa dla rowerów na ruchliwej ulicy,Zagrożenia dla pieszych i uczestników ruchu
Duże ilości ptasich odchodów na przystanku jako zagrożenie epidemiologiczne,Zagrożenia biologiczne
Niezabezpieczone pojemniki z odpadami medycznymi przy przychodni,Zagrożenia biologiczne
Martwa sarna leżąca na poboczu drogi od kilku dni,Zagrożenia biologiczne
Zdewastowane nagrobki na cmentarzu,Wandalizm
Powtarzające się niszczenie lustra drogowego na skrzyżowaniu,Wandalizm
Niedziałająca sygnalizacja na przejeździe kolejowym,Zagrożenia dla pieszych i uczestników ruchu
Wyrzucanie zużytych baterii do odpadów zmieszanych,Zaśmiecanie i nielegalne wysypiska
Niesygnalizowanie zamiaru zmiany pasa ruchu,Zachowania uczestników ruchu (kierowcy i piesi)
Samochód ciężarowy nie zmieścił się pod wiaduktem,Wypadki drogowe
Otwarta skrzynka transformatorowa z widocznymi przewodami,Niebezpieczne sytuacje
Wyciek gazu z nieszczelnej instalacji na zewnątrz budynku,Niebezpieczne sytuacje
Nieaktualny rozkład jazdy na przystanku autobusowym,Pozostałe (inne)
Niedziałający przycisk dla pieszych na światłach,Infrastruktura drogowa i chodniki
Pozostawione zużyte maseczki i rękawiczki na ulicach,Zaśmiecanie i nielegalne wysypiska
Zderzenie pojazdu z maszyną rolniczą,Wypadki drogowe
Prośba o wybudowanie nowego placu zabaw,Pozostałe (inne)
Ktoś zostawił podejrzaną walizkę na przystanku,Niebezpieczne sytuacje
Nagromadzenie gnijących odpadów organicznych,Zagrożenia biologiczne
Kierowca jeździ po ścieżce rowerowej jako skrótem,Zachowania uczestników ruchu (kierowcy i piesi)
Zostawianie zużytych maseczek i rękawiczek na ulicy,Zaśmiecanie i nielegalne wysypiska
Brak chodnika przy nowo otwartym dyskoncie,Zagrożenia dla pieszych i uczestników ruchu
Wybite lustro drogowe na niebezpiecznym skrzyżowaniu,Wandalizm
Zniszczone oznakowanie poziome ścieżki rowerowej,Infrastruktura drogowa i chodniki
Kierowca regularnie korzysta z telefonu podczas jazdy,Zachowania uczestników ruchu (kierowcy i piesi)
Nagromadzenie butelek po alkoholu w altanie parkowej,Zaśmiecanie i nielegalne wysypiska
Hałaśliwe prace remontowe prowadzone w niedzielę,Pozostałe (inne)
Niesprzątnięte psie odchody na całym chodniku wzdłuż ulicy,Zaśmiecanie i nielegalne wysypiska
Znalezienie martwego nietoperza w mieszkaniu,Zagrożenia biologiczne
Dziury i wyrwy w asfalcie na parkingu,Infrastruktura drogowa i chodniki
Zniszczone schody prowadzące do parku,Infrastruktura drogowa i chodniki
Porzucone wraki samochodów na osiedlowym parkingu,Zaśmiecanie i nielegalne wysypiska
Wyrzucanie mebli na tereny zielone,Zaśmiecanie i nielegalne wysypiska
Wypadek spowodowany przez dzikie zwierzę na drodze,Wypadki drogowe
Najechanie na tył pojazdu który gwałtownie hamował,Wypadki drogowe
Uszkodzona tablica ogłoszeń na osiedlu,Pozostałe (inne)
Głęboki wykop budowlany bez odpowiedniego ogrodzenia,Niebezpieczne sytuacje
Rozkładające się resztki jedzenia w opuszczonym lokalu,Zagrożenia biologiczne
Samochód wypadł z drogi na ostrym zakręcie,Wypadki drogowe
Przechodzenie przez jezdnię na czerwonym świetle,Zachowania uczestników ruchu (kierowcy i piesi)
Przechylony znak drogowy grożący upadkiem,Infrastruktura drogowa i chodniki
Zielony zakwit sinic w jeziorze kąpielowym,Zagrożenia biologiczne
Samochód który wpadł do rzeki z mostu,Wypadki drogowe
Potrzebne dodatkowe kursy autobusów w godzinach szczytu,Pozostałe (inne)
Mgła znacznie ograniczająca widoczność na drodze,Zagrożenia dla pieszych i uczestników ruchu
Rozkładająca się padlina w worku foliowym w lesie,Zagrożenia biologiczne
Opieranie się o starą kruchą barierkę na punkcie widokowym,Niebezpieczne sytuacje
Niezabezpieczona studnia na terenie opuszczonej posesji,Niebezpieczne sytuacje
Wtargnięcie pieszego na jezdnię zza zaparkowanego pojazdu,Zachowania uczestników ruchu (kierowcy i piesi)
Wniosek o instalację monitoringu na osiedlu,Pozostałe (inne)
Uszkodzona rynna przy budynku poczty głównej,Wandalizm
Złamana pokrywa studzienki kanalizacyjnej,Infrastruktura drogowa i chodniki
Zatarte linie wyznaczające miejsca parkingowe,Infrastruktura drogowa i chodniki
"Niezatrzymanie się przed znakiem ""STOP""",Zachowania uczestników ruchu (kierowcy i piesi)
Spożywanie alkoholu podczas kierowania rowerem,Zachowania uczestników ruchu (kierowcy i piesi)
Zagrożenie wścieklizną u dzikich zwierząt,Zagrożenia biologiczne
Wyprzedzanie na przejściu dla pieszych tuż przed maską,Zachowania uczestników ruchu (kierowcy i piesi)
Parkowanie na miejscu dla osób niepełnosprawnych bez uprawnień,Zachowania uczestników ruchu (kierowcy i piesi)
Wadliwie działający czujnik czadu w mieszkaniu z piecykiem gazowym,Niebezpieczne sytuacje
Niedostateczna liczba patroli straży miejskiej,Pozostałe (inne)
Skakanie do wody w miejscu niedozwolonym i niebezpiecznym,Niebezpieczne sytuacje
Niedrożny system odpływu wody powodujący zalewanie ulicy,Infrastruktura drogowa i chodniki
Stare części samochodowe porzucone w zaroślach,Zaśmiecanie i nielegalne wysypiska
Porzucone odpady medyczne jak strzykawki i bandaże w parku,Zagrożenia biologiczne
Brak pokrywy od szamba na prywatnej posesji tuż przy chodniku,Niebezpieczne sytuacje
Zgłoszenie podejrzenia nielegalnego poboru prądu,Pozostałe (inne)
Kierowcy quadów rozjeżdżający leśne ścieżki i płoszący zwierzynę,Zachowania uczestników ruchu (kierowcy i piesi)
Kierowca nie ustąpił pierwszeństwa pieszemu na pasach,Zachowania uczestników ruchu (kierowcy i piesi)
Osoba w kryzysie psychicznym na dachu wieżowca,Niebezpieczne sytuacje
System informacji pasażerskiej na przystankach nie działa,Pozostałe (inne)
Zaśmiecanie terenu wokół ogródków działkowych,Zaśmiecanie i nielegalne wysypiska
Nieszczelne kontenery z których wyciekają płyny,Zaśmiecanie i nielegalne wysypiska
Krew na chodniku po bójce lub wypadku,Zagrożenia biologiczne
Jazda rowerem po zmroku bez oświetlenia,Zachowania uczestników ruchu (kierowcy i piesi)
Jazda pod prąd na ulicy jednokierunkowej,Zachowania uczestników ruchu (kierowcy i piesi)
Zdewastowany parkometr nie przyjmuje opłat,Wandalizm
Długotrwały brak ciepłej wody w budynku,Pozostałe (inne)
Larwy owadów w żywności sprzedawanej w sklepie,Zagrożenia biologiczne
Dziecko zatrzaśnięte w rozgrzanym samochodzie,Niebezpieczne sytuacje
Kierowca zasnął za kierownicą i spowodował wypadek,Wypadki drogowe
Zalanie klejem zamków w drzwiach,Wandalizm
Chodzenie po ścieżce rowerowej,Zachowania uczestników ruchu (kierowcy i piesi)
Obecność pleśni w systemie klimatyzacji budynku publicznego,Zagrożenia biologiczne
Potrącenie rolkarza na przejeździe dla rowerów,Wypadki drogowe
Wyrzucanie gorącego popiołu z pieca do zwykłych kontenerów,Zaśmiecanie i nielegalne wysypiska
Potrącenie rolkarza na przejściu dla pieszych,Wypadki drogowe
Wypadek spowodowany oślepieniem przez słońce,Wypadki drogowe
Zaśmiecanie przystanków komunikacji miejskiej,Zaśmiecanie i nielegalne wysypiska
Zbyt rzadko kursująca komunikacja miejska,Pozostałe (inne)
Brak progów zwalniających w strefie ograniczonej prędkości,Zagrożenia dla pieszych i uczestników ruchu
Zerwane siatki na boisku sportowym Orlik,Wandalizm
Kąpiel w niestrzeżonym zbiorniku wodnym z wirami,Niebezpieczne sytuacje
Niedziałająca sygnalizacja świetlna na skrzyżowaniu Wielickiej i Powstańców Śląskich,Infrastruktura drogowa i chodniki
Wylewanie resztek farb i rozpuszczalników na ziemię,Zaśmiecanie i nielegalne wysypiska
Podejrzenie występowania pałeczek Legionelli w instalacji wodnej,Zagrożenia biologiczne
Brak reakcji na zgłoszenia o awarii,Pozostałe (inne)
Chore lisy podchodzące blisko domów,Zagrożenia biologiczne
Zniszczona i nieczytelna tablica informacyjna,Infrastruktura drogowa i chodniki
Przewrócone przenośne toalety,Wandalizm
Wymuszanie pierwszeństwa na rondzie turbinowym,Zachowania uczestników ruchu (kierowcy i piesi)
Cofanie na drodze ekspresowej lub autostradzie,Zachowania uczestników ruchu (kierowcy i piesi)
Jazda na zderzaku w celu zmuszenia do zjechania z pasa,Zachowania uczestników ruchu (kierowcy i piesi)
Oślepiące światła LED w samochodach jadących z naprzeciwka,Zagrożenia dla pieszych i uczestników ruchu
Obecność trujących grzybów w miejscach publicznych,Zagrożenia biologiczne
Problem z gołębiami zanieczyszczającymi balkony,Pozostałe (inne)
Zniszczona wiata przystankowa,Wandalizm
Chmary meszek nad terenami zalewowymi,Zagrożenia biologiczne
Zbyt wysokie krawężniki na przejściach dla pieszych,Infrastruktura drogowa i chodniki
Niekontrolowany wyciek wody zalewający instalację elektryczną,Niebezpieczne sytuacje
Niezatrzymywanie się przed znakiem Stop,Zachowania uczestników ruchu (kierowcy i piesi)
Nieregularny odbiór śmieci i kontenery są stale przepełnione,Zaśmiecanie i nielegalne wysypiska
Rzucanie niedopałków z balkonu,Zachowania uczestników ruchu (kierowcy i piesi)
Gniazdo os w elewacji budynku mieszkalnego,Zagrożenia biologiczne
Wandalizm na cmentarzu niszczenie nagrobków,Wandalizm
Niewidoczne oznakowanie poziome na jezdni (np. linie),Zagrożenia dla pieszych i uczestników ruchu
Wykruszony beton na schodach w przejściu podziemnym,Infrastruktura drogowa i chodniki
Potrącenie pieszego przechodzącego w niedozwolonym miejscu,Wypadki drogowe
Zgromadzenie podejrzanych osób w bramie w godzinach wieczornych,Niebezpieczne sytuacje
Niestabilny billboard reklamowy grożący przewróceniem,Niebezpieczne sytuacje
Próba podpalenia drewnianej altany w parku,Wandalizm
Celowe niszczenie tablic ogłoszeniowych,Wandalizm
Odpady budowlane wysypane na brzeg rzeki,Zaśmiecanie i nielegalne wysypiska
Śmieci pozostawione przez wędkarzy na brzegu jeziora,Zaśmiecanie i nielegalne wysypiska
Pęknięta szyba w drzwiach wejściowych do sklepu,Niebezpieczne sytuacje
Uszkodzona nawierzchnia na przystanku autobusowym,Infrastruktura drogowa i chodniki
Zatarte pasy na przejściu dla pieszych przy szkole podstawowej nr 5,Infrastruktura drogowa i chodniki
Starte niewidoczne oznakowanie poziome (linie strzałki),Infrastruktura drogowa i chodniki
Zarośnięta zatoka autobusowa utrudnia zatrzymanie się autobusu,Infrastruktura drogowa i chodniki
Problem z niskim ciśnieniem wody w mieszkaniu,Pozostałe (inne)
Prośba o zamontowanie lustra drogowego na niebezpiecznym wyjeździe,Pozostałe (inne)
Zamalowane czujniki parkowania w strefie płatnej,Wandalizm
Zły stan techniczny mostu lub wiaduktu,Infrastruktura drogowa i chodniki
Brakujący właz studzienki telekomunikacyjnej na chodniku,Infrastruktura drogowa i chodniki
Kruszejący beton na wiadukcie,Infrastruktura drogowa i chodniki
Parkowanie na trawniku i niszczenie zieleni,Zachowania uczestników ruchu (kierowcy i piesi)
Jazda ze zbyt dużą prędkością przy złej pogodzie,Zachowania uczestników ruchu (kierowcy i piesi)
Niszczenie mienia na terenie ogródków działkowych,Wandalizm
Samochód zjechał z drogi i uderzył w drzewo,Wypadki drogowe
Zderzenie samochodu z pociągiem na niestrzeżonym przejeździe,Wypadki drogowe
Zarośla ograniczające widoczność na wyjeździe z parkingu,Zagrożenia dla pieszych i uczestników ruchu
Zła koordynacja świateł na skrzyżowaniu,Zagrożenia dla pieszych i uczestników ruchu
Gnijące owoce i warzywa na dzikim targowisku,Zagrożenia biologiczne
Podpalenie altany śmietnikowej,Wandalizm
Częste awarie prądu w okolicy,Pozostałe (inne)
Wyrzucanie niedopałków papierosów na ulicę,Zaśmiecanie i nielegalne wysypiska
Plaga gryzoni w zsypie na śmieci w wieżowcu,Zagrożenia biologiczne
Otwarta studzienka kanalizacyjna bez żadnego zabezpieczenia na trawniku,Niebezpieczne sytuacje
Nielegalne składowisko odpadów zwierzęcych,Zagrożenia biologiczne
Jazda z nieodśnieżonym dachem samochodu,Zachowania uczestników ruchu (kierowcy i piesi)
Nieprawidłowe parkowanie blokujące rampę dla wózków,Zachowania uczestników ruchu (kierowcy i piesi)
Nieustępowanie miejsca w komunikacji miejskiej osobom starszym,Zachowania uczestników ruchu (kierowcy i piesi)
Karambol z udziałem 4 aut na autostradzie A4 w kierunku Katowic,Wypadki drogowe
Zderzenie czołowe na drodze dwukierunkowej,Wypadki drogowe
Zaniedbana posesja z której śmieci roznosi wiatr,Zaśmiecanie i nielegalne wysypiska
Niesprzątnięte odchody gołębi na parapecie budynku publicznego,Zaśmiecanie i nielegalne wysypiska
Tarasowanie wyjazdu z garażu lub posesji,Zachowania uczestników ruchu (kierowcy i piesi)
Luźna balustrada na balkonie na 4 piętrze,Niebezpieczne sytuacje
Nielegalne wylewanie szamba do rowu melioracyjnego,Zagrożenia biologiczne
Potrącenie osoby na hulajnodze przez samochód,Wypadki drogowe
Zderzenie boczne na skrzyżowaniu,Wypadki drogowe
Brak segregacji śmieci mimo posiadania odpowiednich pojemników,Zaśmiecanie i nielegalne wysypiska
Rozkładające się zwierzę w studzience kanalizacyjnej,Zagrożenia biologiczne
Kolizja drogowa z ucieczką sprawcy z miejsca zdarzenia,Wypadki drogowe
Parkowanie w sposób utrudniający widoczność innym kierowcom,Zachowania uczestników ruchu (kierowcy i piesi)
Połamane młode drzewka posadzone wzdłuż ulicy,Wandalizm
Zagrzybiona i wilgotna piwnica w bloku,Zagrożenia biologiczne
Niestabilne rusztowanie na budynku przy ruchliwym chodniku,Niebezpieczne sytuacje
Brak lustra na wyjeździe z drogi podporządkowanej,Zagrożenia dla pieszych i uczestników ruchu
Zniszczony publiczny defibrylator AED przy urzędzie,Wandalizm
Rozbita witryna sklepowa,Wandalizm
Kolizja tramwaju z samochodem na ulicy Basztowej,Wypadki drogowe
Ścieżka rowerowa jest jednocześnie drogą dojazdową dla mieszkańców,Zagrożenia dla pieszych i uczestników ruchu
Uszkodzenie słupka parkingowego,Wandalizm
Konflikt ruchu pieszego i rowerowego na wąskim bulwarze,Zagrożenia dla pieszych i uczestników ruchu
Koleiny na prawym pasie Alei Trzech Wieszczów,Infrastruktura drogowa i chodniki
Niedziałające oświetlenie na całej ulicy od tygodnia,Pozostałe (inne)
Wyrzucanie śmieci do pojemników przeznaczonych na inny rodzaj odpadów,Zaśmiecanie i nielegalne wysypiska
Systematyczne podrzucanie śmieci do koszy na cmentarzu,Zaśmiecanie i nielegalne wysypiska
Sugestia utworzenia nowego przejścia dla pieszych w pobliżu przystanku,Pozostałe (inne)
Zagrożenie ze strony żmij na popularnych szlakach turystycznych,Zagrożenia biologiczne
Znalezienie martwego dzika w lesie (ryzyko ASF),Zagrożenia biologiczne
Słupy i znaki postawione na środku chodnika,Zagrożenia dla pieszych i uczestników ruchu
Kierowcy ciężarówek ignorujący zakazy tonażowe,Zachowania uczestników ruchu (kierowcy i piesi)
Brak koszy na śmieci w parku,Zaśmiecanie i nielegalne wysypiska
Ograniczona widoczność na skrzyżowaniu przez zaparkowane pojazdy,Zagrożenia dla pieszych i uczestników ruchu
Niewłaściwe przewożenie dziecka w samochodzie (bez fotelika),Zachowania uczestników ruchu (kierowcy i piesi)
Brak chodnika na odcinku 100 metrów wzdłuż ruchliwej ulicy,Infrastruktura drogowa i chodniki
Celowe blokowanie przejazdu karetce na sygnale,Zachowania uczestników ruchu (kierowcy i piesi)
Prośba o utworzenie wybiegu dla psów,Pozostałe (inne)
Sugestia zmiany organizacji ruchu na jednokierunkową,Pozostałe (inne)
Potrzeba naprawy dachu przeciekającego do mieszkania,Pozostałe (inne)
Wypalanie traw na łąkach za miastem,Niebezpieczne sytuacje
Celowe uszkodzenie szlabanu na wjeździe na osiedle,Wandalizm
Piesi skracający sobie drogę przez autostradę,Zagrożenia dla pieszych i uczestników ruchu
Otwarte studzienki kanalizacyjne bez zabezpieczenia,Niebezpieczne sytuacje
Porysowane szyby w pociągu lub autobusie,Wandalizm
Niebezpieczne dla rowerzystów kratki ściekowe z podłużnymi szczelinami,Zagrożenia dla pieszych i uczestników ruchu
Osoba nietrzeźwa leżąca na torach tramwajowych,Niebezpieczne sytuacje
Prośba o zmianę nazwy ulicy,Pozostałe (inne)
Prośba o zamontowanie progu zwalniającego na osiedlowej uliczce,Pozostałe (inne)
Jazda z nadmierną prędkością w terenie zabudowanym,Zachowania uczestników ruchu (kierowcy i piesi)
Gwałtowne hamowanie autobusów z powodu złego stanu zatoki,Niebezpieczne sytuacje
Brak słupków uniemożliwiających parkowanie na chodniku,Infrastruktura drogowa i chodniki
Bezpańskie psy gromadzące się w okolicy,Pozostałe (inne)
Brak stojaków na rowery pod dworcem,Pozostałe (inne)
Zderzenie tramwaju z autobusem na skrzyżowaniu,Wypadki drogowe
Skażenie ujęcia wody pitnej,Zagrożenia biologiczne
Słaba widoczność znaków drogowych z powodu brudu,Infrastruktura drogowa i chodniki
Zajmowanie dwóch miejsc parkingowych przez jeden samochód,Zachowania uczestników ruchu (kierowcy i piesi)
Brakujący odcinek ścieżki rowerowej między dwoma osiedlami,Infrastruktura drogowa i chodniki
Zdeptanie i zniszczenie klombu kwiatowego,Wandalizm
Zdemontowane ławki na przystanku bez informacji,Infrastruktura drogowa i chodniki
Wypadek z udziałem quada na leśnej drodze,Wypadki drogowe
Wyrwane elementy małej architektury jak kosze czy ławki,Wandalizm
Rozrzucone śmieci przez zwierzęta z niezabezpieczonych pojemników,Zaśmiecanie i nielegalne wysypiska
Agresywna jazda i celowe zajeżdżanie drogi,Zachowania uczestników ruchu (kierowcy i piesi)
Omijanie pojazdu który zatrzymał się w celu ustąpienia pierwszeństwa pieszemu,Zachowania uczestników ruchu (kierowcy i piesi)
Pozostawianie śmieci przy szlakach turystycznych w górach,Zaśmiecanie i nielegalne wysypiska
Potrącenie dziecka które wybiegło na jezdnię,Wypadki drogowe
Wyrzucanie starych ubrań i tekstyliów do lasu,Zaśmiecanie i nielegalne wysypiska
Brakujące lub uszkodzone znaki drogowe,Infrastruktura drogowa i chodniki
Brak chodnika po jednej stronie ulicy,Zagrożenia dla pieszych i uczestników ruchu
Uszkodzona lub niedziałająca syrena alarmowa,Pozostałe (inne)
Wąski chodnik uniemożliwiający minięcie się z wózkiem dziecięcym,Infrastruktura drogowa i chodniki
Brakujące płyty chodnikowe tworzące dziury,Infrastruktura drogowa i chodniki
Regularne zaśmiecanie klatki schodowej przez sąsiada,Zaśmiecanie i nielegalne wysypiska
Prośba o ustawienie ławki przy nowym chodniku,Pozostałe (inne)
Chodnik jest tak zniszczony że ludzie chodzą ulicą,Infrastruktura drogowa i chodniki
Niewidoczny próg zwalniający bez odpowiedniego oznakowania,Zagrożenia dla pieszych i uczestników ruchu
Samochód który wjechał w ogrodzenie posesji,Wypadki drogowe
Niebezpieczny zjazd z ronda dla rowerzystów,Zagrożenia dla pieszych i uczestników ruchu
Śmieci wzdłuż torów kolejowych,Zaśmiecanie i nielegalne wysypiska
Zdziczałe gołębie przenoszące choroby,Zagrożenia biologiczne
Zbyt wysokie krawężniki utrudniające przejazd wózkom,Zagrożenia dla pieszych i uczestników ruchu
Nieprzyjemny zapach z kanalizacji na osiedlu,Pozostałe (inne)
Skażenie rzeki przez nielegalny zrzut z ubojni,Zagrożenia biologiczne
Wpychanie się w kolejkę aut i blokowanie pasa,Zachowania uczestników ruchu (kierowcy i piesi)
Dzikie przejście przez tory kolejowe z którego korzystają dzieci idące do szkoły,Niebezpieczne sytuacje
Połamane barierki ochronne przy ścieżce rowerowej,Wandalizm
Osoba porażona prądem z uszkodzonego przewodu,Niebezpieczne sytuacje
Zderzenie czołowe dwóch samochodów osobowych,Wypadki drogowe
Brak utwardzonego pobocza na drodze o dużym ruchu,Infrastruktura drogowa i chodniki
Kierowca stracił panowanie nad pojazdem i uderzył w barierki,Wypadki drogowe
Zepsuty zegar na wieży ratuszowej,Pozostałe (inne)
Zniszczenie interkomu w bramie wejściowej,Wandalizm
Nieoznakowane prace na wysokości bez zabezpieczenia terenu,Niebezpieczne sytuacje
Przejście dla pieszych jest słabo widoczne w nocy,Zagrożenia dla pieszych i uczestników ruchu
Padłe ptaki na terenie fermy drobiu,Zagrożenia biologiczne
Wniosek o budowę placu zabaw dla dzieci,Pozostałe (inne)
Użytkownicy hulajnóg poruszający się w parach na jednym urządzeniu,Zagrożenia dla pieszych i uczestników ruchu
Strome śliskie zejście do rzeki bez poręczy,Niebezpieczne sytuacje
Zniszczona nawierzchnia ścieżki rowerowej,Zagrożenia dla pieszych i uczestników ruchu
Samochód który uderzył w barierki energochłonne,Wypadki drogowe
Problem z niskim ciśnieniem wody na wyższych piętrach,Pozostałe (inne)
Wypadek z udziałem motocyklisty,Wypadki drogowe
Plaga kleszczy w lasach i parkach,Zagrożenia biologiczne
Rozrzucone ulotki i darmowe gazetki przed klatką schodową,Zaśmiecanie i nielegalne wysypiska
Niedziałający szlaban na parkingu osiedlowym,Pozostałe (inne)
Nieuprzątnięte wymiociny na przystanku autobusowym,Zagrożenia biologiczne
Brak bezpiecznego połączenia ścieżek rowerowych,Zagrożenia dla pieszych i uczestników ruchu
Dziura w moście dla pieszych nad torami kolejowymi,Infrastruktura drogowa i chodniki
Potrącenie rowerzysty na ścieżce rowerowej,Wypadki drogowe
Głęboka dziura w jezdni na ulicy Mogilskiej,Infrastruktura drogowa i chodniki
Sypiący się żwir z przeładowanej ciężarówki,Zagrożenia dla pieszych i uczestników ruchu
Wąskie gardło na drodze dojazdowej do nowego osiedla,Infrastruktura drogowa i chodniki
Rowerzyści jadący z dużą prędkością po chodniku,Zagrożenia dla pieszych i uczestników ruchu
Wypadek spowodowany wymuszeniem pierwszeństwa,Wypadki drogowe
Podpalenie kontenera na śmieci,Wandalizm
Wysypisko zużytych strzykawek w opuszczonym budynku,Zaśmiecanie i nielegalne wysypiska
Podejrzenie wścieklizny u lisa widzianego na osiedlu,Zagrożenia biologiczne
Regularne wyrzucanie worków ze śmieciami z samochodu na parkingu,Zaśmiecanie i nielegalne wysypiska
Agresywne osoby żebrzące i napastujące przechodniów,Niebezpieczne sytuacje
Martwy gołąb na parapecie okna,Zagrożenia biologiczne
Prośba o wyznaczenie dodatkowych miejsc parkingowych,Pozostałe (inne)
Plaga karaluchów w bloku mieszkalnym,Zagrożenia biologiczne
Niewłaściwie zorganizowany ruch podczas remontu drogi,Zagrożenia dla pieszych i uczestników ruchu
Nieprzyjemny zapach z zakładu przemysłowego,Zagrożenia biologiczne
Azbest na dachu budynku grożący pyleniem,Zagrożenia biologiczne
Używanie dronów w strefie zakazu lotów w pobliżu lotniska,Niebezpieczne sytuacje
Niedziałający przycisk dla pieszych na światłach,Infrastruktura drogowa i chodniki
Niewłaściwe przechowywanie odpadów poubojowych,Zagrożenia biologiczne
Wypadek z udziałem ciągnika rolniczego,Wypadki drogowe
Przecięcie opon w rowerach przypiętych do stojaka,Wandalizm
Niezapinanie pasów bezpieczeństwa przez pasażerów,Zachowania uczestników ruchu (kierowcy i piesi)
Zimne kaloryfery mimo sezonu grzewczego,Pozostałe (inne)
Dzieci bawiące się na zamarzniętym stawie bez nadzoru,Niebezpieczne sytuacje
Rowerzysta jadący bez wymaganego oświetlenia po zmroku,Zachowania uczestników ruchu (kierowcy i piesi)
Ignorowanie znaku zakaz zawracania,Zachowania uczestników ruchu (kierowcy i piesi)
Brakujący fragment krawężnika przy zatoce autobusowej,Infrastruktura drogowa i chodniki
Samochód dostawczy wjechał do rowu na obwodnicy,Wypadki drogowe
Samochód który dachował po wpadnięciu w poślizg,Wypadki drogowe
Parkowanie na kopercie dla rodzin z dziećmi bez uprawnień,Zachowania uczestników ruchu (kierowcy i piesi)
Pojawienie się barszczu Sosnowskiego przy placu zabaw,Zagrożenia biologiczne
Popękany i nierówny asfalt na drodze osiedlowej,Infrastruktura drogowa i chodniki
Porysowana karoseria zaparkowanego samochodu,Wandalizm
Podpalony kontener na śmieci na osiedlu Ruczaj,Wandalizm
Mieszkańcy wyrzucają śmieci z balkonów,Zaśmiecanie i nielegalne wysypiska
Spadające sople lodu z dachu kamienicy przy ulicy Szewskiej,Niebezpieczne sytuacje
"Kierowcy blokujący ""korytarz życia""",Zagrożenia dla pieszych i uczestników ruchu
Ktoś przeciął opony w rowerze przypiętym do stojaka,Wandalizm
Uszkodzony automat biletowy MPK,Wandalizm
Niewystarczająca liczba koszy na śmieci wzdłuż chodnika,Infrastruktura drogowa i chodniki
Wypadek na parkingu wielopoziomowym,Wypadki drogowe
Wyjazd z parkingu podziemnego bezpośrednio na ścieżkę rowerową,Zagrożenia dla pieszych i uczestników ruchu
Pomazany sprayem mural,Wandalizm
Przepełnione kosze na śmieci na przystankach autobusowych,Zaśmiecanie i nielegalne wysypiska
Pomalowana farbą figura w kościelnej kapliczce,Wandalizm
Kierowca autobusu gwałtownie hamuje bez powodu,Zachowania uczestników ruchu (kierowcy i piesi)
Zalewanie piwnicy po każdych większych opadach,Pozostałe (inne)
Drzewo z wyraźnie nadłamanym konarem nad ruchliwym chodnikiem,Niebezpieczne sytuacje
Wypadek spowodowany złymi warunkami atmosferycznymi,Wypadki drogowe
Niewidoczna linia ciągła na jezdni,Infrastruktura drogowa i chodniki
Źle wyprofilowany zakręt drogi,Infrastruktura drogowa i chodniki
Wyjazd z parkingu tyłem bez asekuracji,Zagrożenia dla pieszych i uczestników ruchu
Ostre krawędzie uszkodzonych płyt chodnikowych,Infrastruktura drogowa i chodniki
Padłe ryby w jeziorze,Zagrożenia biologiczne
Wymuszanie pierwszeństwa przejazdu,Zachowania uczestników ruchu (kierowcy i piesi)
Malowanie graffiti na elewacjach budynków,Wandalizm
Zniszczone ławki i kosze na śmieci w parku,Wandalizm
Zaniedbany skwer miejski wymaga rewitalizacji,Pozostałe (inne)
Obecność toksycznej pleśni w budynku szkoły,Zagrożenia biologiczne
Nieprawidłowe parkowanie uniemożliwiające przejazd innym pojazdom,Zachowania uczestników ruchu (kierowcy i piesi)
Wylęgarnia komarów w zastoisku wodnym,Zagrożenia biologiczne
Jazda na zderzaku (brak bezpiecznego odstępu),Zachowania uczestników ruchu (kierowcy i piesi)
Wyrwa w asfalcie na ścieżce rowerowej przy moście Dębnickim,Infrastruktura drogowa i chodniki
Zniszczone znaki informacyjne dla niewidomych,Wandalizm
Gołoledź na chodnikach i schodach w zimie,Zagrożenia dla pieszych i uczestników ruchu
Butelki i puszki pozostawione wokół ławki w parku,Zaśmiecanie i nielegalne wysypiska
Przeciążona instalacja elektryczna w starym budynku,Niebezpieczne sytuacje
Ostre krawędzie uszkodzonych elementów betonowych,Infrastruktura drogowa i chodniki
Parkowanie na ścieżce rowerowej,Zachowania uczestników ruchu (kierowcy i piesi)
Zniszczone ogrodzenie placu zabaw na osiedlu Złocień,Wandalizm
Prośba o instalację stacji naprawy rowerów w centrum miasta,Pozostałe (inne)
Prośba o częstsze opróżnianie pojemników na odzież,Pozostałe (inne)
Wyprzedzanie na trzeciego na drodze krajowej,Zachowania uczestników ruchu (kierowcy i piesi)
Nielegalne wysypisko gruzu na działce rolnej,Zaśmiecanie i nielegalne wysypiska
Zjeżdżanie na sankach wprost pod koła nadjeżdżających pojazdów,Niebezpieczne sytuacje
Zniszczenie ogrodzenia boiska szkolnego,Wandalizm
Piesi wpatrzeni w smartfony wchodzący na jezdnię,Zagrożenia dla pieszych i uczestników ruchu
Dzieci rzucające kamieniami z wiaduktu na przejeżdżające samochody,Niebezpieczne sytuacje
Parkowanie na całej szerokości chodnika,Zachowania uczestników ruchu (kierowcy i piesi)
Zarośnięty i zaniedbany pas zieleni między jezdnią a chodnikiem,Infrastruktura drogowa i chodniki
Gromadzenie odpadów wielkogabarytowych na korytarzu w bloku,Zaśmiecanie i nielegalne wysypiska
Śmieci zalegające w koszach na plaży przy zalewie Bagry,Zaśmiecanie i nielegalne wysypiska
Blokowanie windy przez dłuższy czas,Zachowania uczestników ruchu (kierowcy i piesi)
Odpady szpitalne wyrzucone do lasu,Zagrożenia biologiczne
Oznakowanie poziome na rondzie jest już całkowicie niewidoczne,Infrastruktura drogowa i chodniki
Niewłaściwe przechowywanie żywności w restauracji,Zagrożenia biologiczne
Kradzież miedzianych liter z tablicy pamiątkowej,Wandalizm
Niezabezpieczone chemikalia pozostawione w miejscu publicznym,Niebezpieczne sytuacje
Wypadek spowodowany przez zaśnięcie kierowcy,Wypadki drogowe
Samochód wjechał w przystanek autobusowy,Wypadki drogowe
Niezabezpieczone odpady medyczne w publicznym koszu,Zagrożenia biologiczne
Taranowanie bramek na płatnym parkingu,Zachowania uczestników ruchu (kierowcy i piesi)
Zwisający tynk z elewacji kamienicy,Niebezpieczne sytuacje
Używanie telefonu podczas przechodzenia przez pasy,Zachowania uczestników ruchu (kierowcy i piesi)
Pieszy wchodzący na jezdnię bezpośrednio przed nadjeżdżający pojazd,Zachowania uczestników ruchu (kierowcy i piesi)
Wykrycie wąglika w glebie,Zagrożenia biologiczne
Zaparkowany na zakręcie samochód ograniczający widoczność,Zagrożenia dla pieszych i uczestników ruchu
Obecność karaluchów w kuchni szkolnej,Zagrożenia biologiczne
Brak chodnika na odcinku drogi prowadzącej do szkoły,Infrastruktura drogowa i chodniki
Wyrwane strony z książek w budce bookcrossingowej,Wandalizm
Potrącenie dziecka które wybiegło na ulicę za piłką,Wypadki drogowe
Porysowany lakier na kilku zaparkowanych samochodach przy ulicy Dietla,Wandalizm
Wybite okno w opuszczonym budynku gdzie bawią się dzieci,Wandalizm
Zniszczone donice z kwiatami przed urzędem,Wandalizm
Wyrwane kwiaty z klombów miejskich,Wandalizm
Autobus MPK miał stłuczkę z samochodem osobowym,Wypadki drogowe
Jazda motocyklem na jednym kole w ruchu miejskim,Zachowania uczestników ruchu (kierowcy i piesi)
Uszkodzona latarnia uliczna na ulicy Karmelickiej która miga i gaśnie,Wandalizm
Samochód ciężarowy który przewrócił się na zakręcie,Wypadki drogowe
Zniszczona tabliczka z nazwą ulicy,Wandalizm
Rozprzestrzenianie się inwazyjnego gatunku rośliny rdestowca japońskiego,Zagrożenia biologiczne
Grupa rowerzystów jadąca całą szerokością jezdni,Zagrożenia dla pieszych i uczestników ruchu
Kolizja spowodowana wymuszeniem pierwszeństwa,Wypadki drogowe
Niewłaściwie oznakowana strefa zamieszkania,Infrastruktura drogowa i chodniki
Porzucone odpady budowlane w przydrożnym lesie,Zaśmiecanie i nielegalne wysypiska
Tworzenie dzikiego wysypiska na nieużytkach rolnych,Zaśmiecanie i nielegalne wysypiska
Zalegająca woda na chodniku po każdym deszczu z powodu złego odpływu,Infrastruktura drogowa i chodniki
Uszkodzona balustrada na moście nad rzeką,Niebezpieczne sytuacje
Lustro drogowe jest brudne i bezużyteczne,Infrastruktura drogowa i chodniki
Palenie plastików i opon w ognisku,Zaśmiecanie i nielegalne wysypiska
Parkowanie na miejscu dla niepełnosprawnych bez uprawnień,Zachowania uczestników ruchu (kierowcy i piesi)
Wrzucanie dużych kartonów do małych koszy ulicznych,Zaśmiecanie i nielegalne wysypiska
Najechanie na tył pojazdu stojącego w korku,Wypadki drogowe
Brak podjazdu dla wózków inwalidzkich do budynku użyteczności publicznej,Pozostałe (inne)
Dzieci bawiące się na zamarzniętym stawie bez nadzoru,Niebezpieczne sytuacje
Niezabezpieczony plac budowy na który wchodzą postronne osoby,Niebezpieczne sytuacje
Jazda na rolkach lub deskorolce po ruchliwej ulicy,Zagrożenia dla pieszych i uczestników ruchu
Graffiti na świeżo odnowionej elewacji zabytku,Wandalizm
Wyrywanie znaków drogowych z ziemi,Wandalizm
Uszkodzone niestabilne schody prowadzące do budynku publicznego,Niebezpieczne sytuacje
Stare meble wystawione na trawnik przed blokiem,Zaśmiecanie i nielegalne wysypiska
Rdzewiejące i dziurawe barierki ochronne,Infrastruktura drogowa i chodniki
Graffiti na elewacji budynku przy ulicy Floriańskiej,Wandalizm
Brak poręczy przy stromych schodach publicznych,Infrastruktura drogowa i chodniki
Prośba o utworzenie wybiegu dla psów,Pozostałe (inne)
Wchodzenie do jaskiń bez odpowiedniego sprzętu i przewodnika,Niebezpieczne sytuacje
Chore drzewo z którego opadają zainfekowane liście,Zagrożenia biologiczne
Uszkodzony próg zwalniający powodujący hałas,Infrastruktura drogowa i chodniki
Śliska nawierzchnia jezdni z powodu wycieku oleju,Zagrożenia dla pieszych i uczestników ruchu
Iskrząca skrzynka elektryczna przy bloku na osiedlu Widok,Niebezpieczne sytuacje
Rozmowa przez telefon komórkowy bez zestawu głośnomówiącego podczas jazdy,Zachowania uczestników ruchu (kierowcy i piesi)
Uszkodzona nawierzchnia z kostki brukowej,Infrastruktura drogowa i chodniki
Plaga szczurów w piwnicach i przy śmietnikach na osiedlu,Zagrożenia biologiczne
Dzikie wysypisko śmieci w Lesie Wolskim,Zaśmiecanie i nielegalne wysypiska
Upuszczanie przedmiotów z wiaduktu na przejeżdżające samochody,Niebezpieczne sytuacje
Pojawienie się jadowitych pająków w piwnicy,Zagrożenia biologiczne
Zniszczona stacja meteorologiczna w parku,Wandalizm
Samochody parkujące na chodniku zmuszają pieszych do chodzenia ulicą,Zagrożenia dla pieszych i uczestników ruchu
Brak chodnika wzdłuż ruchliwej drogi,Zagrożenia dla pieszych i uczestników ruchu
Wyrzucanie śmieci na cmentarzach,Zaśmiecanie i nielegalne wysypiska
Niedostatecznie zabezpieczony fajerwerkami pokaz amatorski,Niebezpieczne sytuacje
Wypadek na przejeździe kolejowo-drogowym,Wypadki drogowe
Zderzenie dwóch rowerzystów,Wypadki drogowe
Wiszący konar drzewa nad chodnikiem grozi złamaniem,Niebezpieczne sytuacje
Niedziałający domofon w całym bloku,Pozostałe (inne)
Zajeżdżanie drogi innym pojazdom,Zachowania uczestników ruchu (kierowcy i piesi)
Brak oświetlenia na zakręcie drogi poza terenem zabudowanym,Zagrożenia dla pieszych i uczestników ruchu
Rozbita butelka na ścieżce rowerowej wzdłuż Wisły,Wandalizm
Spadające sople lodu z dachu wysokiego budynku,Niebezpieczne sytuacje
Ograniczenie widoczności przez parkujące wraki aut,Zagrożenia dla pieszych i uczestników ruchu
Niewystarczająca liczba stojaków na rowery,Pozostałe (inne)
Utrudnienia w ruchu z powodu kolizji na Rondzie Grzegórzeckim,Wypadki drogowe
Zbyt wysoki krawężnik na podjeździe dla wózków,Infrastruktura drogowa i chodniki
Zapadnięta nawierzchnia wokół studzienki telekomunikacyjnej,Infrastruktura drogowa i chodniki
Nieprzyjemny zapach z kanalizacji na całej ulicy,Pozostałe (inne)
Zbyt głośna muzyka z lokalu gastronomicznego w nocy,Pozostałe (inne)
Gruz budowlany wysypany na polnej drodze za osiedlem,Zaśmiecanie i nielegalne wysypiska
Problem z bezdomnymi zwierzętami,Pozostałe (inne)
Zderzenie motocyklisty z sarną,Wypadki drogowe
Kolizja na parkingu podczas manewru cofania,Wypadki drogowe
Niezabezpieczony głęboki wykop przy nowej inwestycji deweloperskiej,Niebezpieczne sytuacje
Nawierzchnia chodnika jest tak zniszczona że jest niebezpieczna dla osób starszych,Zagrożenia dla pieszych i uczestników ruchu
Pozostawione odpady po grillu w miejscu publicznym,Zaśmiecanie i nielegalne wysypiska
Potrącenie rowerzysty przejeżdżającego na czerwonym świetle,Wypadki drogowe
Pozostawione puste opakowania po nawozach na polu,Zaśmiecanie i nielegalne wysypiska
Nieustąpienie pierwszeństwa pojazdowi uprzywilejowanemu na sygnale,Zachowania uczestników ruchu (kierowcy i piesi)
Uszkodzona wiata przystankowa niechroniąca przed deszczem,Infrastruktura drogowa i chodniki
Niezabezpieczone materiały budowlane na dachu podczas wichury,Niebezpieczne sytuacje
Zniszczenie mienia publicznego w przejściu podziemnym,Wandalizm
Niewidoczny w nocy pieszy bez żadnych elementów odblaskowych,Zagrożenia dla pieszych i uczestników ruchu
Zderzenie czołowe dwóch aut na drodze krajowej nr 7,Wypadki drogowe
Potrzebna renowacja placu zabaw,Pozostałe (inne)
Prośba o przycięcie żywopłotu zasłaniającego widok,Pozostałe (inne)
Stos starych opon za garażami osiedlowymi,Zaśmiecanie i nielegalne wysypiska
Wypadek śmiertelny na drodze krajowej,Wypadki drogowe
Wypadek z udziałem pijanego kierowcy,Wypadki drogowe
Zbyt duża szczelina dylatacyjna na moście,Infrastruktura drogowa i chodniki
Prośba o lepsze oznakowanie dojazdu do szpitala,Pozostałe (inne)
Wymuszanie pierwszeństwa na rondzie,Zachowania uczestników ruchu (kierowcy i piesi)
Rowerzysta jadący po chodniku z dużą prędkością,Zachowania uczestników ruchu (kierowcy i piesi)
Zniszczony asfalt na przystanku autobusowym,Infrastruktura drogowa i chodniki
Wylanie betonu do muszli klozetowej w toalecie publicznej,Wandalizm
Kolizja wielu pojazdów z powodu gęstej mgły,Wypadki drogowe
Niestabilny chyboczący się maszt flagowy,Niebezpieczne sytuacje
Jazda pod prąd na ulicy jednokierunkowej,Zachowania uczestników ruchu (kierowcy i piesi)
Prośba o odnowienie oznakowania poziomego na parkingu,Pozostałe (inne)
Zniszczenie nawierzchni boiska sportowego,Wandalizm
Chodnik zastawiony przez hulajnogi elektryczne,Zagrożenia dla pieszych i uczestników ruchu
Cysterna przewróciła się na rondzie powodując wyciek substancji,Wypadki drogowe
Brak informacji o zmianach w kursowaniu autobusów na przystanku,Pozostałe (inne)
Ktoś wyrzucił starą kanapę i fotele obok altany śmietnikowej,Zaśmiecanie i nielegalne wysypiska
Dziura w jezdni stanowiąca zagrożenie dla pojazdów,Zagrożenia dla pieszych i uczestników ruchu
Pęknięta płyta chodnikowa przy przejściu dla pieszych na Rondzie Grunwaldzkim,Infrastruktura drogowa i chodniki
Worki ze śmieciami regularnie wyrzucane do rzeki Wilgi,Zaśmiecanie i nielegalne wysypiska
Śliskie metalowe pokrywy studzienek na ścieżce rowerowej,Zagrożenia dla pieszych i uczestników ruchu
Wyrwana deska z mostku w Parku Decjusza,Wandalizm
Wypadek spowodowany przez zasłabnięcie kierowcy,Wypadki drogowe
Rozprzestrzeniające się ognisko barszczu Sosnowskiego przy ścieżce spacerowej,Zagrożenia biologiczne
Brak przejścia dla pieszych przy nowym supermarkecie,Infrastruktura drogowa i chodniki
Kontakt z odchodami nietoperzy w starej szopie,Zagrożenia biologiczne
Zniszczony stojak na rowery przy galerii handlowej,Wandalizm
Wylewanie nieczystości płynnych z szamba na pole,Zagrożenia biologiczne
Zamazanie farbą tablicy z nazwą ulicy,Wandalizm
Duży ruch ciężarówek w strefie zamieszkania,Zagrożenia dla pieszych i uczestników ruchu
Rozkładające się zwłoki zwierzęcia na poboczu drogi,Zagrożenia biologiczne
Zauważono lisa z objawami wścieklizny w pobliżu domów,Zagrożenia biologiczne
Nagminne wyrzucanie niedopałków przez balkon,Zaśmiecanie i nielegalne wysypiska
Wypadek spowodowany pęknięciem opony podczas jazdy,Wypadki drogowe
Zapadnięta kostka brukowa na rynku,Infrastruktura drogowa i chodniki
Wypadek na niestrzeżonym przejeździe kolejowym,Wypadki drogowe
Nachylony słup energetyczny grożący przewróceniem,Niebezpieczne sytuacje
Brak odpowiedzi ze strony administracji na pisma mieszkańców,Pozostałe (inne)
Brak oświetlenia na długim odcinku ścieżki rowerowej wzdłuż rzeki,Zagrożenia dla pieszych i uczestników ruchu
Rozbita lampa oświetlająca ulicę,Wandalizm
Brak podjazdu dla wózków przy schodach,Zagrożenia dla pieszych i uczestników ruchu
Porzucony wrak samochodu na parkingu osiedlowym,Zaśmiecanie i nielegalne wysypiska
Zderzenie autobusu szkolnego z samochodem ciężarowym,Wypadki drogowe
Szybki ruch samochodowy w pobliżu szkoły i brak progów zwalniających,Zagrożenia dla pieszych i uczestników ruchu
Śliska nawierzchnia z powodu dużej plamy rozlanego oleju na jezdni,Niebezpieczne sytuacje
Materiał budowlany pozostawiony na chodniku,Niebezpieczne sytuacje
Prośba o wyznaczenie strefy dla palących,Pozostałe (inne)
Wystający pręt z chodnika po starym znaku drogowym,Infrastruktura drogowa i chodniki
Niedziałająca sygnalizacja dźwiękowa na przejściu dla pieszych,Zagrożenia dla pieszych i uczestników ruchu
Zbyt wysokie krawężniki utrudniające poruszanie się wózkiem,Pozostałe (inne)
Brak pasów dla pieszych w miejscu o dużym natężeniu ruchu,Zagrożenia dla pieszych i uczestników ruchu
Brakujący fragment krawężnika przy ulicy,Infrastruktura drogowa i chodniki
Nielegalny pochówek zwierząt w lesie,Zagrożenia biologiczne
Niebezpieczne zabawy z ogniem w lesie,Niebezpieczne sytuacje
Niewłaściwie oznakowane progi zwalniające,Zagrożenia dla pieszych i uczestników ruchu
Zdemontowana na zimę a nie zamontowana na lato ławka,Infrastruktura drogowa i chodniki
Uciążliwy hałas w nocy z powodu imprezy u sąsiadów,Pozostałe (inne)
Głośna praca agregatów prądotwórczych w nocy,Pozostałe (inne)
Nielegalne wysypisko opon w starym kamieniołomie,Zaśmiecanie i nielegalne wysypiska
Uszkodzona nawierzchnia na parkingu Park and Ride,Infrastruktura drogowa i chodniki
Nagłe otwarcie drzwi samochodu od strony ulicy,Zagrożenia dla pieszych i uczestników ruchu
Wyrzucanie przeterminowanych leków do publicznych koszy,Zaśmiecanie i nielegalne wysypiska
Zwisające luźne dachówki z dachu kamienicy,Niebezpieczne sytuacje
Progi zwalniające są zbyt wysokie i uszkadzają zawieszenie,Infrastruktura drogowa i chodniki
Nielegalny handel środkami pirotechnicznymi,Niebezpieczne sytuacje
Zagrożenie afrykańskim pomorem świń (ASF),Zagrożenia biologiczne
Wypadek spowodowany nieprawidłowym wyprzedzaniem,Wypadki drogowe
Wykryto ognisko ptasiej grypy w pobliskim gospodarstwie,Zagrożenia biologiczne
Wyrywanie stron z książek w bibliotece plenerowej,Wandalizm
Zniszczenie karmnika dla ptaków,Wandalizm
Znaleziono kleszcze zakażone boreliozą w miejskim parku,Zagrożenia biologiczne
Zapadnięty fragment jezdni po pracach wodociągowych,Infrastruktura drogowa i chodniki
Samochód który uderzył w słup oświetleniowy,Wypadki drogowe
Nielegalne wyścigi samochodowe organizowane nocami na ulicy,Niebezpieczne sytuacje
Brak koszy na psie odchody w parku,Pozostałe (inne)
Plaga owadów niszcząca drzewa w parku miejskim,Zagrożenia biologiczne
Jazda na rowerze po przejściu dla pieszych,Zachowania uczestników ruchu (kierowcy i piesi)
Uderzenie w barierki na moście,Wypadki drogowe
Przepełnione kosze na śmieci na Bulwarach Wiślanych,Zaśmiecanie i nielegalne wysypiska
Zajmowanie dwóch miejsc parkingowych przez jeden samochód,Zachowania uczestników ruchu (kierowcy i piesi)
Uszkodzona balustrada na moście nad rzeką,Niebezpieczne sytuacje
Zbyt duża prędkość pojazdów w strefie mieszkalnej,Zagrożenia dla pieszych i uczestników ruchu
Zdekoncentrowany kierowca jedzący lub pijący podczas jazdy,Zagrożenia dla pieszych i uczestników ruchu
Wylewanie zużytego oleju silnikowego do kratki ściekowej,Zaśmiecanie i nielegalne wysypiska
Niedziałająca fontanna miejska,Pozostałe (inne)
Celowe zapychanie publicznych koszy na śmieci odpadami domowymi,Zaśmiecanie i nielegalne wysypiska
Samochód dostawczy blokuje cały chodnik podczas rozładunku,Zachowania uczestników ruchu (kierowcy i piesi)
Wjeżdżanie na przejazd kolejowy gdy zapory już opadają,Zachowania uczestników ruchu (kierowcy i piesi)
Najechanie na tył pojazdu stojącego na światłach,Wypadki drogowe
Brak barierek oddzielających chodnik od ruchliwej jezdni,Zagrożenia dla pieszych i uczestników ruchu
Autokar turystyczny miał awarię i zablokował pas ruchu,Wypadki drogowe
Dym wydobywający się z okna opuszczonego magazynu,Niebezpieczne sytuacje
Przecięta siatka ogrodzeniowa przy placu zabaw,Wandalizm
Złamany maszt flagowy przed budynkiem urzędu,Infrastruktura drogowa i chodniki
Ktoś wysypał całą przyczepę śmieci na poboczu drogi,Zaśmiecanie i nielegalne wysypiska
Wystające pręty zbrojeniowe z niedokończonej konstrukcji,Niebezpieczne sytuacje
Odpady chemiczne z produkcji rolnej porzucone na miedzy,Zaśmiecanie i nielegalne wysypiska
Brak wyznaczonych miejsc do przechodzenia przez torowisko,Zagrożenia dla pieszych i uczestników ruchu
Resztki jedzenia wyrzucane przez okno samochodu,Zaśmiecanie i nielegalne wysypiska
Konieczność przycięcia gałęzi drzew wchodzących w okna,Pozostałe (inne)
Niedrożna kratka ściekowa powodująca powstawanie kałuż,Infrastruktura drogowa i chodniki
Zanieczyszczenie gleby substancjami ropopochodnymi,Zagrożenia biologiczne
Kolizja przy zmianie pasa ruchu,Wypadki drogowe
Drut kolczasty zwisający z ogrodzenia na wysokości głowy,Niebezpieczne sytuacje
Kierowcy nieustępujący pierwszeństwa pieszym na pasach,Zagrożenia dla pieszych i uczestników ruchu
"Zatrzymywanie się na przystanku ""na życzenie"" w ostatniej chwili",Zachowania uczestników ruchu (kierowcy i piesi)
Niedziałające publiczne Wi-Fi,Pozostałe (inne)
Autobus który wjechał do rowu,Wypadki drogowe
Skakanie do wody w nieznanym miejscu na główkę,Niebezpieczne sytuacje
Awaria oświetlenia w tunelu pod torami kolejowymi,Infrastruktura drogowa i chodniki
Wiszący element elewacji który może spaść,Niebezpieczne sytuacje
Wąski chodnik na którym z trudem mijają się dwie osoby,Zagrożenia dla pieszych i uczestników ruchu
Samochód ciężarowy zahaczył o wiadukt,Wypadki drogowe
Porzucone części samochodowe na parkingu leśnym,Zaśmiecanie i nielegalne wysypiska
Rowerzysta wykonujący nagły skręt bez sygnalizacji,Zagrożenia dla pieszych i uczestników ruchu
Niewystarczające oświetlenie parkingu,Zagrożenia dla pieszych i uczestników ruchu
Złamana lub skorodowana barierka ochronna przy drodze,Infrastruktura drogowa i chodniki
Kruszący się asfalt na poboczu drogi,Infrastruktura drogowa i chodniki
Pieszy przechodzący przez jezdnię w niedozwolonym miejscu zmuszając auta do hamowania,Zachowania uczestników ruchu (kierowcy i piesi)
Wyrzucanie niedopałków przez okno jadącego auta,Zachowania uczestników ruchu (kierowcy i piesi)
Bardzo słaba widoczność na zakręcie z powodu nieprzyciętych krzewów,Niebezpieczne sytuacje
Pływanie na materacu daleko od brzegu podczas silnego wiatru,Niebezpieczne sytuacje
Znaleziono niewybuch z czasów wojny podczas prac budowlanych,Niebezpieczne sytuacje
Niebezpieczne skrzyżowanie bez sygnalizacji w pobliżu szkoły,Zagrożenia dla pieszych i uczestników ruchu
Zbyt głośne dzwony kościelne w nocy,Pozostałe (inne)
Odpady z remontu porzucone na parkingu,Zaśmiecanie i nielegalne wysypiska
Zniszczona skrzynka na listy przy ulicy Długiej,Wandalizm
Otwarte studzienki kanalizacyjne bez zabezpieczenia,Niebezpieczne sytuacje
Graffiti i śmieci w przejściu podziemnym,Zaśmiecanie i nielegalne wysypiska
Silny wiatr zrywający dach z budynku,Niebezpieczne sytuacje
Brak ścieżki dla niewidomych przy ważnym urzędzie,Infrastruktura drogowa i chodniki
Zamazana farbą mapa szlaków turystycznych w Ojcowskim Parku Narodowym,Wandalizm
Dzieci bawiące się na zamarzniętym stawie o cienkim lodzie,Niebezpieczne sytuacje
Wyblakłe i nieczytelne tablice z nazwami ulic,Infrastruktura drogowa i chodniki
Porzucone opony samochodowe w rowie melioracyjnym,Zaśmiecanie i nielegalne wysypiska
Zniszczona klawiatura w automacie paczkowym,Wandalizm
Potrącenie pieszego na przejściu dla pieszych,Wypadki drogowe
Brak strefy buforowej między ścieżką rowerową a jezdnią,Zagrożenia dla pieszych i uczestników ruchu
Inwazja szerszeni azjatyckich,Zagrożenia biologiczne
Przewrócone znaki drogowe,Wandalizm
Zaniedbany i zarośnięty chwastami skwer miejski,Pozostałe (inne)
Kierowca taksówki odmawia kursu lub znacznie zawyża cenę,Zachowania uczestników ruchu (kierowcy i piesi)
Zniszczenie szlabanu na wjeździe na osiedle,Wandalizm
Chmura pyłków zagrażająca alergikom,Zagrożenia biologiczne
Porysowane szyby w nowym tramwaju,Wandalizm
Wypadek z powodu awarii hamulców,Wypadki drogowe
Zablokowana droga pożarowa uniemożliwia dojazd służb,Niebezpieczne sytuacje
Samochód uderzył w stado dzików na drodze ekspresowej,Wypadki drogowe
Nieczytelne piktogramy na jezdni (rower koperta),Infrastruktura drogowa i chodniki
Zbyt krótki zielony sygnał dla pieszych na dużym skrzyżowaniu,Zagrożenia dla pieszych i uczestników ruchu
Prace drogowe bez odpowiedniego oznakowania i zabezpieczenia dla pieszych,Zagrożenia dla pieszych i uczestników ruchu
Agresywny biegający bez kagańca i smyczy pies,Niebezpieczne sytuacje
Wymuszanie pierwszeństwa przez kierowców wyjeżdżających z podporządkowanej,Zachowania uczestników ruchu (kierowcy i piesi)
Odpady pozostawione po nielegalnym obozowisku,Zaśmiecanie i nielegalne wysypiska
Oślepiające reklamy LED przy drodze rozpraszające kierowców,Zagrożenia dla pieszych i uczestników ruchu
Worki ze śmieciami zostawione obok pełnego śmietnika,Zaśmiecanie i nielegalne wysypiska
Nielegalne składowisko butli z gazem w pobliżu zabudowań,Niebezpieczne sytuacje
Samochód uderzył w pociąg na przejeździe,Wypadki drogowe
Brak barierek na stromym nasypie wzdłuż drogi,Infrastruktura drogowa i chodniki
Odłamanie lusterek w zaparkowanych samochodach,Wandalizm
Długotrwała awaria oświetlenia ulicznego na całej ulicy,Pozostałe (inne)
Wypadek z udziałem nietrzeźwego rowerzysty,Wypadki drogowe
Bezpańskie koty przenoszące choroby,Zagrożenia biologiczne
Zbyt szybko jadące pojazdy w strefie zamieszkania,Zagrożenia dla pieszych i uczestników ruchu
Kolizja na parkingu supermarketu,Wypadki drogowe
Zatrucie tlenkiem węgla z powodu niesprawnego piecyka,Niebezpieczne sytuacje
Niezabezpieczona stacja transformatorowa,Niebezpieczne sytuacje
Gołębie zanieczyszczające zabytkowy budynek,Pozostałe (inne)
Spadające dachówki z dachu starego domu,Niebezpieczne sytuacje
Ciągłe przekraczanie dozwolonej prędkości w strefie zamieszkania,Zachowania uczestników ruchu (kierowcy i piesi)
Wypadek z udziałem pojazdu nauki jazdy,Wypadki drogowe
Zdewastowany telefon alarmowy na autostradzie,Pozostałe (inne)
Plaga gołębi zanieczyszczających balkony i parapety,Niebezpieczne sytuacje
Pozostawione śmieci po targu,Zaśmiecanie i nielegalne wysypiska
Celowe uszkodzenie domofonu w bloku,Wandalizm
Brak wyznaczonej drogi dla pieszych na terenie budowy,Zagrożenia dla pieszych i uczestników ruchu
Niedrożny system odprowadzania wody z ulicy,Infrastruktura drogowa i chodniki
Zniszczony kosz na śmieci przy Błoniach,Wandalizm
Kolizja spowodowana przez zwierzę domowe w samochodzie,Wypadki drogowe
Porzucanie choinek w miejscach niedozwolonych po świętach,Zaśmiecanie i nielegalne wysypiska
Kolizja spowodowana nagłym hamowaniem,Wypadki drogowe
Piesi przechodzący przez jezdnię w niedozwolonym miejscu,Zagrożenia dla pieszych i uczestników ruchu
Porzucone odpady poubojowe w lesie,Zagrożenia biologiczne
Wniosek o remont klatki schodowej,Pozostałe (inne)
Kierowca gestykulujący i krzyczący na innych uczestników ruchu,Zachowania uczestników ruchu (kierowcy i piesi)
Chodzenie po zamarzniętej rzece o cienkim lodzie,Niebezpieczne sytuacje
Brak lustra drogowego na skrzyżowaniu o ograniczonej widoczności,Zagrożenia dla pieszych i uczestników ruchu
Brak wydzielonego miejsca oczekiwania dla pieszych na wysepce,Zagrożenia dla pieszych i uczestników ruchu
Uszkodzone i zdewastowane huśtawki na placu zabaw,Wandalizm
Uszkodzony znak drogowy Stop jest przekrzywiony i niewidoczny,Infrastruktura drogowa i chodniki
Wchodzenie na jezdnię bezpośrednio zza autobusu,Zachowania uczestników ruchu (kierowcy i piesi)
Odpady komunalne wysypane na poboczu drogi,Zaśmiecanie i nielegalne wysypiska
Nierówności na ścieżce rowerowej,Infrastruktura drogowa i chodniki
Dachowanie samochodu osobowego na śliskiej nawierzchni,Wypadki drogowe
Zniszczenie tablic informacyjnych na szlaku turystycznym,Wandalizm
Nielegalne podrzucanie śmieci do kontenerów na osiedlu zamkniętym,Zaśmiecanie i nielegalne wysypiska
Porzucony sprzęt sportowy np rower lub hulajnoga,Zaśmiecanie i nielegalne wysypiska
Wygaszone oświetlenie na przejściu dla pieszych w nocy,Zagrożenia dla pieszych i uczestników ruchu
Niewłaściwie zamontowane progi zwalniające szarpią pojazdami,Infrastruktura drogowa i chodniki
Plaga szczurów w piwnicach starej kamienicy,Zagrożenia biologiczne
Najechanie na tył innego pojazdu w korku,Wypadki drogowe
Ugryzienie przez bezpańskie zwierzę,Zagrożenia biologiczne
Delikatna stłuczka bez rannych ale są utrudnienia,Wypadki drogowe
Nieprzyjemny zapach z pobliskiego zakładu produkcyjnego,Pozostałe (inne)
Odpady biodegradowalne wyrzucane do lasu,Zaśmiecanie i nielegalne wysypiska
Wymalowane niecenzuralne słowa na murze szkoły,Wandalizm
Niezabezpieczona studnia na prywatnej posesji przy drodze,Niebezpieczne sytuacje
Zapadnięta studzienka telekomunikacyjna na chodniku,Infrastruktura drogowa i chodniki
Notoryczne parkowanie na zakazie na ulicy Miodowej,Zachowania uczestników ruchu (kierowcy i piesi)
Zerwana linia energetyczna leżąca na drodze,Niebezpieczne sytuacje
Porzucona kocia karma przyciągająca szczury,Zagrożenia biologiczne
Wystający właz studzienki kanalizacyjnej,Infrastruktura drogowa i chodniki
Wyrzucanie śmieci do lasu z przejeżdżających samochodów,Zaśmiecanie i nielegalne wysypiska
Uszkodzony mechanizm zegara słonecznego w parku,Wandalizm
Zamazana farbą kamera monitoringu,Wandalizm
Rozrzucone gwoździe na parkingu samochodowym,Wandalizm
Jazda buspasem bez uprawnień,Zachowania uczestników ruchu (kierowcy i piesi)
Powybijane lustra w publicznej toalecie na dworcu,Wandalizm
Wyrwane kwiaty z klombu na Placu Wszystkich Świętych,Wandalizm
Skażenie terenu po awarii w zakładzie przemysłowym,Zagrożenia biologiczne
Przechodzenie przez jezdnię patrząc w smartfon,Zachowania uczestników ruchu (kierowcy i piesi)
Martwe ptaki znalezione w parku,Zagrożenia biologiczne
Wyłamane szczeble w płocie otaczającym park,Wandalizm
Brak ścieżki rowerowej wzdłuż ruchliwej ulicy a rowerzyści jeżdżą jezdnią,Zagrożenia dla pieszych i uczestników ruchu
Używanie otwartego ognia w stodole pełnej siana,Niebezpieczne sytuacje
Brak automatu biletowego w popularnej lokalizacji,Pozostałe (inne)
Uderzenie w drzewo lub słup,Wypadki drogowe
Chodzenie po krawędzi dachu wysokiego budynku,Niebezpieczne sytuacje
Zderzenie boczne na skrzyżowaniu z sygnalizacją świetlną,Wypadki drogowe
Brud i śmieci w przejściu podziemnym pod rondem,Zaśmiecanie i nielegalne wysypiska
Piesi idący niewłaściwą stroną drogi bez pobocza,Zagrożenia dla pieszych i uczestników ruchu
Kierowca nie zachowujący bezpiecznego odstępu od rowerzysty,Zachowania uczestników ruchu (kierowcy i piesi)
Uszkodzenie defibrylatora AED w miejscu publicznym,Wandalizm
Zbyt stromy podjazd dla wózków inwalidzkich niezgodny z normami,Infrastruktura drogowa i chodniki
Zniszczenie uli w pasiece miejskiej,Wandalizm
Zadymienie spowodowane spalaniem toksycznych odpadów,Zagrożenia biologiczne
Brak reakcji spółdzielni na zgłoszenie o zalaniu,Pozostałe (inne)
Głęboki wykop budowlany bez odpowiedniego ogrodzenia,Niebezpieczne sytuacje
Kierowca ciągnika rolniczego bez oświetlenia w nocy,Zagrożenia dla pieszych i uczestników ruchu
Przystanek autobusowy zlokalizowany na wąskim poboczu,Zagrożenia dla pieszych i uczestników ruchu
Połamane młode drzewka na Plantach,Wandalizm
Zniszczony zamek w drzwiach do klatki schodowej,Wandalizm
Odpady z hodowli zwierząt wyrzucane do lasu,Zaśmiecanie i nielegalne wysypiska
Śmieci po piknikach zostawione na Błoniach,Zaśmiecanie i nielegalne wysypiska
Zderzenie rowerzysty z pieszym na ścieżce rowerowej,Wypadki drogowe
Wyprowadzanie psa bez smyczy w miejscu publicznym,Zachowania uczestników ruchu (kierowcy i piesi)
Przeciążona winda w budynku mieszkalnym,Niebezpieczne sytuacje
Prowadzenie pojazdu w butach na wysokim obcasie lub klapkach,Zachowania uczestników ruchu (kierowcy i piesi)
Zgubione dziecko w centrum handlowym,Niebezpieczne sytuacje
Zaśmiecony teren po imprezie plenerowej,Zaśmiecanie i nielegalne wysypiska
Obluzowana kostka brukowa na Rynku Głównym,Infrastruktura drogowa i chodniki
Zniszczenie mapy turystycznej na szlaku,Wandalizm
Pieszy przebiegający przez autostradę,Zachowania uczestników ruchu (kierowcy i piesi)
Wyrzucanie gruzu budowlanego do lasu,Zaśmiecanie i nielegalne wysypiska
Zdewastowana publiczna toaleta w parku,Wandalizm
Nielegalne próby podłączenia się do sieci energetycznej,Niebezpieczne sytuacje
Otwarty szyb windy w remontowanym budynku,Niebezpieczne sytuacje
Celowe uszkodzenie automatu biletowego,Wandalizm
Komary i meszki w ogromnych ilościach z powodu zaniedbanego zbiornika wodnego,Zagrożenia biologiczne
Resztki jedzenia i opakowania porozrzucane wokół budki z kebabem,Zaśmiecanie i nielegalne wysypiska
Niebezpieczne przejście dla pieszych za zakrętem,Zagrożenia dla pieszych i uczestników ruchu
Ostre metalowe elementy wystające z ogrodzenia tuż przy chodniku,Zagrożenia dla pieszych i uczestników ruchu
Pęknięta gałąź zwisająca nad placem zabaw,Niebezpieczne sytuacje
Nieczynna winda w przychodni lekarskiej,Pozostałe (inne)
Konieczność wymiany starych skrzynek pocztowych,Pozostałe (inne)
Ciężarówka zgubiła ładunek na autostradzie,Wypadki drogowe
Wyrwane siedzisko z krzesełka na przystanku,Wandalizm
Kolizja rowerzysty z samochodem osobowym na ścieżce rowerowej,Wypadki drogowe
Niezachowanie bezpiecznego odstępu od rowerzysty,Zachowania uczestników ruchu (kierowcy i piesi)
Próba samodzielnej naprawy instalacji elektrycznej pod napięciem,Niebezpieczne sytuacje
Brak chodnika po jednej stronie mostu,Zagrożenia dla pieszych i uczestników ruchu
Wybita szyba na przystanku autobusowym Teatr Słowackiego,Wandalizm
Problem z odbiorem telewizji naziemnej w całym rejonie,Pozostałe (inne)
Bardzo głośny wydech motocykla straszący pieszych,Zagrożenia dla pieszych i uczestników ruchu
Wyciek nieznanej substancji chemicznej do rzeki,Zagrożenia biologiczne
Zniszczenie muralu o wartości artystycznej,Wandalizm
Pozostawione bez nadzoru ognisko w lesie,Niebezpieczne sytuacje
Głośne prace budowlane prowadzone w niedzielę od rana,Pozostałe (inne)
Wypadek z udziałem motocyklisty na moście Kotlarskim,Wypadki drogowe
Odpady z produkcji rolnej na poboczu,Zaśmiecanie i nielegalne wysypiska
Zaniedbana zatoka autobusowa z dziurami,Infrastruktura drogowa i chodniki
Stłuczka dwóch samochodów na skrzyżowaniu alei Mickiewicza i Czarnowiejskiej,Wypadki drogowe
Dziury w jezdni prowizorycznie załatane,Infrastruktura drogowa i chodniki
Ryzyko porażenia prądem z uszkodzonej skrzynki energetycznej,Niebezpieczne sytuacje
Brak oświetlenia na klatce schodowej w bloku,Niebezpieczne sytuacje
Niewidoczni piesi wchodzący na drogę zza ekranów akustycznych,Zagrożenia dla pieszych i uczestników ruchu
Kleszcze na terenach rekreacyjnych i w parkach,Zagrożenia biologiczne
Zderzenie z łosiem na drodze leśnej,Wypadki drogowe
Upadek motocyklisty na plamie oleju,Wypadki drogowe
Niezabezpieczone rusztowanie przy remontowanej kamienicy,Niebezpieczne sytuacje
Wspinanie się na słupy wysokiego napięcia,Niebezpieczne sytuacje
Odsłonięte kable elektryczne przy uszkodzonej latarni,Niebezpieczne sytuacje
Samochód który wjechał w witrynę sklepu,Wypadki drogowe
Wyrzucanie odpadów gastronomicznych z restauracji do lasu,Zaśmiecanie i nielegalne wysypiska
Pieszy idący środkiem ścieżki rowerowej,Zachowania uczestników ruchu (kierowcy i piesi)
Samochody parkujące na ścieżce rowerowej,Zagrożenia dla pieszych i uczestników ruchu
Ktoś regularnie niszczy oświetlenie na klatce schodowej,Wandalizm
Woda zalegająca na jezdni tworząca niebezpieczny aquaplaning,Zagrożenia dla pieszych i uczestników ruchu
Źle zaprojektowany wyjazd z posesji z ograniczoną widocznością,Zagrożenia dla pieszych i uczestników ruchu
W nocy słychać wycie alarmu samochodowego od kilku godzin,Pozostałe (inne)
Zużyty sprzęt AGD porzucony nad rzeką,Zaśmiecanie i nielegalne wysypiska
Piesi idący po torach tramwajowych zamiast po chodniku,Zachowania uczestników ruchu (kierowcy i piesi)
Kolizja z udziałem taksówki i samochodu prywatnego,Wypadki drogowe
Bazgroły na ścianie kamienicy przy ulicy Grodzkiej,Wandalizm
Obumarłe drzewo zainfekowane grzybem zagrażające zawaleniem,Zagrożenia biologiczne
Zapadnięty fragment chodnika tworzący głęboką dziurę,Niebezpieczne sytuacje
Teren wokół pustostanu zamienił się w wysypisko śmieci,Zaśmiecanie i nielegalne wysypiska
Teren wokół kontenerów na odzież używaną jest bardzo zaśmiecony,Zaśmiecanie i nielegalne wysypiska
Głośna impreza u sąsiadów w środku nocy,Pozostałe (inne)
Pozostawianie butelek i opakowań przez wędkarzy nad wodą,Zaśmiecanie i nielegalne wysypiska
Ktoś wrzucił hulajnogę elektryczną do rzeki,Wandalizm
Gniazdo szerszeni w skrzynce gazowej,Niebezpieczne sytuacje
Zniszczony stojak na rowery,Wandalizm
Wyrzucanie przeterminowanych leków do kanalizacji,Zaśmiecanie i nielegalne wysypiska
Potrzebna jest naprawa nawierzchni na moście Grunwaldzkim,Infrastruktura drogowa i chodniki
Złamana barierka przy schodach nad Wisłą,Wandalizm
Zatrucie pokarmowe w stołówce szkolnej,Zagrożenia biologiczne
Nieprawidłowe składowanie butli z gazem w piwnicy,Niebezpieczne sytuacje
Brak wiaty przystankowej chroniącej przed deszczem,Infrastruktura drogowa i chodniki
Odpady chemiczne porzucone w lesie,Zaśmiecanie i nielegalne wysypiska
Zderzenie boczne przy zmianie pasa ruchu,Wypadki drogowe
Agresywne zachowanie kierowcy krzyki i groźby,Zachowania uczestników ruchu (kierowcy i piesi)
